item_id,order_id,product_id,quantity,unit_price,discount_percent
ITEM00001,ORD00423,PROD0083,9,1921.53,18.51
ITEM00002,ORD00118,PROD0024,10,8528.74,27.97
ITEM00003,ORD00473,PROD0083,9,6749.68,7.52
ITEM00004,ORD00595,PROD0063,6,6745.83,7.04
ITEM00005,ORD00072,PROD0025,6,3350.63,19.78
ITEM00006,ORD00157,PROD0073,10,3231.7,113.06
ITEM00007,ORD00227,PROD0092,7,3658.91,20.39
ITEM00008,ORD00492,PROD0060,8,3124.17,16.55
ITEM00009,ORD00084,PROD0036,3,2044.68,22.01
ITEM00010,ORD00078,PROD0003,9,8145.16,17.37
ITEM00011,ORD00218,PROD0005,9,8950.46,16.19
ITEM00012,ORD00153,PROD0047,7,7744.23,22.0
ITEM00013,ORD00476,PROD0065,9,3702.27,0.32
ITEM00014,ORD00170,PROD0097,9,1676.3,16.99
ITEM00015,ORD00150,PROD0095,8,500.16,22.84
ITEM00016,ORD00271,PROD0048,4,2147.06,27.23
ITEM00017,ORD00481,PROD0059,1,6520.4,3.1
ITEM00018,ORD00281,PROD0095,5,5744.59,11.3
ITEM00019,ORD00080,PROD0067,5,9081.7,15.49
ITEM00020,ORD00354,PROD0063,8,165.32,26.46
ITEM00021,ORD00236,PROD0010,9,2194.02,5.61
ITEM00022,ORD00122,PROD0085,4,3369.23,3.4
ITEM00023,ORD00491,PROD0027,10,8350.31,0.67
ITEM00024,ORD00588,PROD0076,3,5175.16,26.72
ITEM00025,ORD00171,PROD0034,3,4114.02,29.08
ITEM00026,ORD00291,PROD0011,4,9928.48,26.02
ITEM00027,ORD00421,PROD0077,3,8222.49,5.46
ITEM00028,ORD00271,PROD0022,6,6005.68,2.07
ITEM00029,ORD00136,PROD0014,1,8609.96,15.13
ITEM00030,ORD00154,PROD0078,2,9025.92,17.99
ITEM00031,ORD00545,PROD0065,2,6627.99,27.06
ITEM00032,ORD00002,PROD0100,7,3766.74,1.3
ITEM00033,ORD00235,PROD0062,7,8065.75,27.24
ITEM00034,ORD00590,PROD0013,7,4823.7,6.98
ITEM00035,ORD00291,PROD0077,9,1971.31,21.27
ITEM00036,ORD00592,PROD0067,2,3812.8,6.16
ITEM00037,ORD00419,PROD0047,2,6550.6,7.61
ITEM00038,ORD00434,PROD0073,6,9918.81,11.92
ITEM00039,ORD00566,PROD0072,8,5635.03,14.51
ITEM00040,ORD00592,PROD0045,7,8564.49,19.78
ITEM00041,ORD00458,PROD0090,3,5132.6,23.58
ITEM00042,ORD00054,PROD0021,7,152.38,2.73
ITEM00043,ORD00446,PROD0012,2,3771.27,18.27
ITEM00044,ORD00411,PROD0079,9,9638.95,1.72
ITEM00045,ORD00180,PROD0082,8,2096.9,19.71
ITEM00046,ORD00293,PROD0025,1,5154.42,20.95
ITEM00047,ORD00037,PROD0047,4,9758.89,2.61
ITEM00048,ORD00410,PROD0046,7,2083.07,0.46
ITEM00049,ORD00093,PROD0071,5,5635.23,17.49
ITEM00050,ORD00284,PROD0029,10,4602.11,109.58
ITEM00051,ORD00519,PROD0014,9,3013.09,28.41
ITEM00052,ORD00264,PROD0069,10,4483.41,11.31
ITEM00053,ORD00250,PROD0097,6,4642.6,13.82
ITEM00054,ORD00029,PROD0062,2,3888.47,23.66
ITEM00055,ORD00236,PROD0041,7,5213.39,0.29
ITEM00056,ORD00255,PROD0037,2,7513.0,10.26
ITEM00057,ORD00183,PROD0061,6,8953.73,8.07
ITEM00058,ORD00195,PROD0064,4,2496.36,7.96
ITEM00059,ORD00256,PROD0080,6,1156.22,27.61
ITEM00060,ORD00505,PROD0079,1,5460.59,1.27
ITEM00061,ORD00323,PROD0064,10,4958.97,29.53
ITEM00062,ORD00287,PROD0051,4,1369.63,15.77
ITEM00063,ORD00554,PROD0005,9,8617.96,23.28
ITEM00064,ORD00124,PROD0090,9,6923.18,0.35
ITEM00065,ORD00595,PROD0013,6,8632.24,5.61
ITEM00066,ORD00276,PROD0061,10,1920.75,12.72
ITEM00067,ORD00382,PROD0047,7,1880.9,3.93
ITEM00068,ORD00235,PROD0013,5,5597.87,25.69
ITEM00069,ORD00154,PROD0061,1,5046.02,29.87
ITEM00070,ORD00530,PROD0069,6,3070.34,16.86
ITEM00071,ORD00408,PROD0013,3,8156.8,14.3
ITEM00072,ORD00461,PROD0096,6,3667.04,16.72
ITEM00073,ORD00353,PROD0003,7,8686.95,28.89
ITEM00074,ORD00590,PROD0084,9,7825.06,10.65
ITEM00075,ORD00500,PROD0100,8,3872.6,8.6
ITEM00076,ORD00149,PROD0022,6,6161.87,12.14
ITEM00077,ORD00082,PROD0021,6,3237.09,8.74
ITEM00078,ORD00405,PROD0035,8,9393.82,22.44
ITEM00079,ORD00462,PROD0053,3,328.7,21.83
ITEM00080,ORD00082,PROD0027,3,1045.98,28.1
ITEM00081,ORD00056,PROD0004,7,9960.54,3.12
ITEM00082,ORD00087,PROD0084,7,2549.23,8.53
ITEM00083,ORD00135,PROD0068,-3,8617.65,9.76
ITEM00084,ORD00554,PROD0035,9,9698.47,20.93
ITEM00085,ORD00468,PROD0081,10,6433.89,16.01
ITEM00086,ORD00494,PROD0070,4,4474.42,10.97
ITEM00087,ORD00311,PROD0002,1,7607.11,4.09
ITEM00088,ORD00548,PROD0002,8,4822.96,0.27
ITEM00089,ORD00300,PROD0077,4,5527.3,5.66
ITEM00090,ORD00448,PROD0051,4,7397.47,11.69
ITEM00091,ORD00270,PROD0011,7,5214.44,24.0
ITEM00092,ORD00279,PROD0037,9,4187.75,25.6
ITEM00093,ORD00297,PROD0015,8,2794.13,18.68
ITEM00094,ORD00020,PROD0020,1,319.1,29.17
ITEM00095,ORD00129,PROD0092,8,2404.82,4.52
ITEM00096,ORD00351,PROD0054,5,5034.12,11.14
ITEM00097,ORD00033,PROD0043,2,9521.28,1.68
ITEM00098,ORD00074,PROD0070,8,8967.42,7.5
ITEM00099,ORD00013,PROD0016,4,9752.22,7.41
ITEM00100,ORD00204,PROD0059,2,9822.95,14.18
ITEM00101,ORD00320,PROD0042,3,517.64,28.12
ITEM00102,ORD00260,PROD0062,5,8886.44,25.91
ITEM00103,ORD00116,PROD0031,7,1756.87,8.28
ITEM00104,ORD00249,PROD0002,1,6938.44,20.65
ITEM00105,ORD00092,PROD0032,3,6890.85,10.15
ITEM00106,ORD00062,PROD0008,6,7043.15,23.74
ITEM00107,ORD00239,PROD0041,9,7591.31,24.17
ITEM00108,ORD00198,PROD0003,7,1433.85,26.96
ITEM00109,ORD00449,PROD0072,5,4951.91,17.0
ITEM00110,ORD00332,PROD0094,8,8330.36,27.43
ITEM00111,ORD00071,PROD0068,3,8212.24,16.25
ITEM00112,ORD00519,PROD0049,3,6235.37,10.92
ITEM00113,ORD00329,PROD0093,2,5435.67,11.62
ITEM00114,ORD00510,PROD0099,9,2902.98,12.29
ITEM00115,ORD00099,PROD0067,2,9384.22,5.36
ITEM00116,ORD00110,PROD0063,4,5753.02,25.09
ITEM00117,ORD00539,PROD0080,10,3726.9,18.18
ITEM00118,ORD00214,PROD0084,8,8337.57,14.04
ITEM00119,ORD00370,PROD0072,7,7963.07,1.75
ITEM00120,ORD00542,PROD0006,2,871.56,6.48
ITEM00121,ORD00104,PROD0093,4,1975.66,15.79
ITEM00122,ORD00184,PROD0072,9,1144.59,19.16
ITEM00123,ORD00470,PROD0090,7,1751.41,5.41
ITEM00124,ORD00346,PROD0085,3,6039.17,28.01
ITEM00125,ORD00564,PROD0042,6,6369.08,24.78
ITEM00126,ORD00247,PROD0073,9,7680.51,27.78
ITEM00127,ORD00464,PROD0058,-1,9831.27,17.87
ITEM00128,ORD00310,PROD0001,5,2226.75,9.45
ITEM00129,ORD00283,PROD0071,9,9266.63,4.64
ITEM00130,ORD00365,PROD0020,3,8907.29,7.5
ITEM00131,ORD00308,PROD0012,10,9187.03,22.03
ITEM00132,ORD00495,PROD0023,8,6926.99,17.29
ITEM00133,ORD00308,PROD0005,10,7823.21,27.66
ITEM00134,ORD00445,PROD0054,2,2344.5,19.58
ITEM00135,ORD00012,PROD0082,7,5291.4,9.58
ITEM00136,ORD00335,PROD0065,4,6768.99,29.92
ITEM00137,ORD00590,PROD0065,2,2968.85,11.83
ITEM00138,ORD00085,PROD0061,10,5526.71,7.88
ITEM00139,ORD00445,PROD0100,3,4861.13,5.94
ITEM00140,ORD00586,PROD0026,9,7383.11,7.39
ITEM00141,ORD00441,PROD0042,10,6750.3,12.71
ITEM00142,ORD00329,PROD0045,10,7719.84,5.08
ITEM00143,ORD00453,PROD0080,3,9249.71,7.0
ITEM00144,ORD00160,PROD0097,2,639.93,28.47
ITEM00145,ORD00295,PROD0002,6,1201.65,13.5
ITEM00146,ORD00215,PROD0095,9,5509.6,22.51
ITEM00147,ORD00145,PROD0089,1,9069.8,15.8
ITEM00148,ORD00062,PROD0037,4,6217.85,1.59
ITEM00149,ORD00009,PROD0009,7,6663.52,27.39
ITEM00150,ORD00111,PROD0003,5,6529.17,6.94
ITEM00151,ORD00102,PROD0041,8,5362.45,5.59
ITEM00152,ORD00469,PROD0072,1,9230.47,9.15
ITEM00153,ORD00161,PROD0003,6,3618.24,9.07
ITEM00154,ORD00514,PROD0036,1,8798.91,26.71
ITEM00155,ORD00031,PROD0072,5,3483.68,11.79
ITEM00156,ORD00392,PROD0067,10,6896.58,12.52
ITEM00157,ORD00437,PROD0040,10,5468.11,6.2
ITEM00158,ORD00555,PROD0088,4,3159.08,21.15
ITEM00159,ORD00139,PROD0056,3,5691.96,4.74
ITEM00160,ORD00546,PROD0093,2,8411.27,4.37
ITEM00161,ORD00327,PROD0053,7,7481.54,24.65
ITEM00162,ORD00281,PROD0020,4,1928.99,22.87
ITEM00163,ORD00274,PROD0078,10,6003.97,6.93
ITEM00164,ORD00082,PROD0089,8,8476.77,14.06
ITEM00165,ORD00189,PROD0050,8,1721.49,6.79
ITEM00166,ORD00016,PROD0035,7,6746.26,6.09
ITEM00167,ORD00182,PROD0057,10,3316.47,13.73
ITEM00168,ORD00415,PROD0100,1,8260.85,21.61
ITEM00169,ORD00586,PROD0077,9,8770.25,23.61
ITEM00170,ORD00463,PROD0059,1,2532.64,16.14
ITEM00171,ORD00041,PROD0072,7,6343.42,1.48
ITEM00172,ORD00408,PROD0039,5,4282.38,18.39
ITEM00173,ORD00530,PROD0019,8,4571.81,21.68
ITEM00174,ORD00600,PROD0090,9,4194.24,13.53
ITEM00175,ORD00207,PROD0059,2,6948.0,27.21
ITEM00176,ORD00127,PROD0012,2,6377.32,2.56
ITEM00177,ORD00524,PROD0079,3,3868.01,23.05
ITEM00178,ORD00580,PROD0085,3,1531.61,23.07
ITEM00179,ORD00316,PROD0040,8,1888.89,26.96
ITEM00180,ORD00004,PROD0080,-4,8568.57,144.25
ITEM00181,ORD00244,PROD0028,10,4592.01,13.26
ITEM00182,ORD00007,PROD0032,9,6323.49,24.6
ITEM00183,ORD00190,PROD0019,1,463.54,25.61
ITEM00184,ORD00306,PROD0043,2,4227.87,5.35
ITEM00185,ORD00587,PROD0072,3,7518.41,10.81
ITEM00186,ORD00307,PROD0042,6,8220.62,22.75
ITEM00187,ORD00067,PROD0038,8,6976.73,8.23
ITEM00188,ORD00538,PROD0027,4,1182.09,21.89
ITEM00189,ORD00090,PROD0062,10,9864.16,8.62
ITEM00190,ORD00325,PROD0034,9,6270.12,27.81
ITEM00191,ORD00509,PROD0067,8,1881.08,18.28
ITEM00192,ORD00199,PROD0001,-1,7400.94,6.22
ITEM00193,ORD00425,PROD0053,1,5648.11,19.13
ITEM00194,ORD00207,PROD0089,5,771.58,9.01
ITEM00195,ORD00007,PROD0015,6,7271.53,18.48
ITEM00196,ORD00180,PROD0025,6,9230.57,14.37
ITEM00197,ORD00037,PROD0083,3,6309.28,26.76
ITEM00198,ORD00344,PROD0060,7,654.62,15.63
ITEM00199,ORD00324,PROD0072,-5,6886.38,23.99
ITEM00200,ORD00363,PROD0009,3,408.61,29.51
ITEM00201,ORD00170,PROD0074,10,5992.4,25.94
ITEM00202,ORD00323,PROD0091,1,959.3,26.31
ITEM00203,ORD00310,PROD0028,9,1211.09,23.55
ITEM00204,ORD00095,PROD0057,-4,9059.06,4.62
ITEM00205,ORD00496,PROD0094,9,3340.65,23.08
ITEM00206,ORD00529,PROD0087,3,461.87,11.63
ITEM00207,ORD00119,PROD0001,5,6901.82,17.83
ITEM00208,ORD00479,PROD0006,2,6623.94,9.37
ITEM00209,ORD00320,PROD0082,4,2006.2,8.3
ITEM00210,ORD00452,PROD0086,2,1659.21,3.43
ITEM00211,ORD00574,PROD0066,2,3568.15,9.55
ITEM00212,ORD00291,PROD0074,4,3182.64,26.77
ITEM00213,ORD00052,PROD0017,1,6787.41,3.18
ITEM00214,ORD00437,PROD0051,3,8923.63,18.88
ITEM00215,ORD00457,PROD0079,6,8192.68,21.39
ITEM00216,ORD00547,PROD0011,8,1019.87,24.07
ITEM00217,ORD00100,PROD0059,5,7131.14,13.96
ITEM00218,ORD00230,PROD0019,10,3698.15,5.5
ITEM00219,ORD00339,PROD0042,8,747.12,3.39
ITEM00220,ORD00175,PROD0037,6,1361.2,3.09
ITEM00221,ORD00110,PROD0042,9,7945.07,15.98
ITEM00222,ORD00424,PROD0031,10,1674.3,14.47
ITEM00223,ORD00214,PROD0089,10,9804.03,17.02
ITEM00224,ORD00242,PROD0023,2,7147.9,25.1
ITEM00225,ORD00475,PROD0042,9,4507.64,9.24
ITEM00226,ORD00112,PROD0088,10,3851.22,14.83
ITEM00227,ORD00093,PROD0028,3,9042.23,108.19
ITEM00228,ORD00153,PROD0058,9,6194.16,13.41
ITEM00229,ORD00325,PROD0039,10,6827.63,27.56
ITEM00230,ORD00353,PROD0012,-5,4101.55,3.83
ITEM00231,ORD00379,PROD0071,-5,8225.46,10.78
ITEM00232,ORD00032,PROD0031,7,4003.26,9.54
ITEM00233,ORD00391,PROD0056,9,1816.76,4.17
ITEM00234,ORD00369,PROD0054,3,8740.08,3.77
ITEM00235,ORD00017,PROD0019,8,9752.25,4.07
ITEM00236,ORD00426,PROD0059,10,6270.16,13.63
ITEM00237,ORD00461,PROD0050,6,4305.24,0.22
ITEM00238,ORD00243,PROD0092,9,9272.99,17.29
ITEM00239,ORD00039,PROD0073,8,1220.33,14.45
ITEM00240,ORD00146,PROD0094,9,9838.32,23.37
ITEM00241,ORD00081,PROD0067,10,4777.27,22.25
ITEM00242,ORD00080,PROD0088,9,3193.75,1.58
ITEM00243,ORD00012,PROD0061,8,4745.4,22.01
ITEM00244,ORD00302,PROD0038,3,9236.36,22.48
ITEM00245,ORD00578,PROD0034,1,5823.6,17.19
ITEM00246,ORD00299,PROD0095,-4,916.85,15.17
ITEM00247,ORD00285,PROD0033,3,2824.65,7.71
ITEM00248,ORD00179,PROD0076,3,3760.69,5.26
ITEM00249,ORD00242,PROD0063,3,8633.94,10.29
ITEM00250,ORD00149,PROD0077,3,7552.34,12.39
ITEM00251,ORD00451,PROD0093,3,7370.17,10.35
ITEM00252,ORD00119,PROD0007,3,4814.7,14.29
ITEM00253,ORD00546,PROD0030,7,3961.7,7.88
ITEM00254,ORD00446,PROD0002,5,4543.32,20.35
ITEM00255,ORD00043,PROD0013,9,9566.22,12.95
ITEM00256,ORD00280,PROD0043,5,1072.94,19.63
ITEM00257,ORD00248,PROD0094,10,5247.53,20.33
ITEM00258,ORD00321,PROD0071,1,8333.73,0.36
ITEM00259,ORD00107,PROD0088,8,7279.98,7.56
ITEM00260,ORD00095,PROD0008,10,8371.05,28.51
ITEM00261,ORD00123,PROD0012,10,6598.31,27.0
ITEM00262,ORD00190,PROD0015,3,4722.86,28.09
ITEM00263,ORD00284,PROD0099,7,6709.03,23.1
ITEM00264,ORD00076,PROD0036,1,3393.28,1.8
ITEM00265,ORD00272,PROD0023,8,9796.28,6.02
ITEM00266,ORD00504,PROD0014,3,4369.41,18.42
ITEM00267,ORD00453,PROD0092,5,821.9,17.14
ITEM00268,ORD00457,PROD0003,8,6439.32,27.99
ITEM00269,ORD00273,PROD0020,6,5788.94,15.46
ITEM00270,ORD00503,PROD0062,7,7304.9,24.37
ITEM00271,ORD00232,PROD0001,7,8197.97,14.46
ITEM00272,ORD00368,PROD0043,5,6359.5,28.76
ITEM00273,ORD00548,PROD0044,2,7628.49,8.7
ITEM00274,ORD00568,PROD0006,7,3058.82,11.7
ITEM00275,ORD00368,PROD0063,2,4436.04,5.68
ITEM00276,ORD00026,PROD0093,10,3948.8,23.78
ITEM00277,ORD00512,PROD0069,8,262.54,10.18
ITEM00278,ORD00044,PROD0052,2,6573.11,15.69
ITEM00279,ORD00550,PROD0020,10,813.13,22.06
ITEM00280,ORD00020,PROD0061,10,7042.84,3.92
ITEM00281,ORD00052,PROD0040,2,1789.82,17.73
ITEM00282,ORD00109,PROD0015,8,6194.72,1.89
ITEM00283,ORD00346,PROD0095,7,9760.95,17.28
ITEM00284,ORD00219,PROD0098,1,3421.49,3.62
ITEM00285,ORD00426,PROD0022,6,4442.75,27.77
ITEM00286,ORD00103,PROD0081,10,1661.76,26.39
ITEM00287,ORD00008,PROD0023,2,5977.93,8.51
ITEM00288,ORD00488,PROD0089,3,6434.27,15.69
ITEM00289,ORD00179,PROD0079,1,7200.27,18.36
ITEM00290,ORD00309,PROD0045,-2,1999.84,29.6
ITEM00291,ORD00371,PROD0098,9,4695.74,18.79
ITEM00292,ORD00055,PROD0025,2,6883.91,29.06
ITEM00293,ORD00181,PROD0021,1,3705.51,6.29
ITEM00294,ORD00465,PROD0006,2,9256.13,5.28
ITEM00295,ORD00497,PROD0066,2,2429.47,13.34
ITEM00296,ORD00430,PROD0026,6,1190.32,6.83
ITEM00297,ORD00423,PROD0026,7,827.94,17.55
ITEM00298,ORD00447,PROD0019,4,4604.41,11.62
ITEM00299,ORD00199,PROD0081,6,2101.89,3.82
ITEM00300,ORD00062,PROD0036,3,4708.79,12.55
ITEM00301,ORD00226,PROD0038,10,7966.2,28.58
ITEM00302,ORD00592,PROD0071,4,8584.04,14.68
ITEM00303,ORD00485,PROD0060,-4,7388.17,7.4
ITEM00304,ORD00594,PROD0029,10,9146.17,26.95
ITEM00305,ORD00046,PROD0006,8,5091.74,12.77
ITEM00306,ORD00101,PROD0058,8,5629.02,0.37
ITEM00307,ORD00224,PROD0017,6,6511.64,2.72
ITEM00308,ORD00313,PROD0021,8,7498.14,0.73
ITEM00309,ORD00142,PROD0091,7,8728.36,18.8
ITEM00310,ORD00002,PROD0081,2,6938.43,15.93
ITEM00311,ORD00277,PROD0090,10,7965.34,23.63
ITEM00312,ORD00344,PROD0095,1,9109.04,10.92
ITEM00313,ORD00393,PROD0047,8,3719.15,5.26
ITEM00314,ORD00069,PROD0072,4,3415.8,16.19
ITEM00315,ORD00595,PROD0090,4,7632.77,9.61
ITEM00316,ORD00516,PROD0088,7,727.35,10.36
ITEM00317,ORD00540,PROD0016,8,6815.25,15.99
ITEM00318,ORD00377,PROD0087,2,8851.39,2.62
ITEM00319,ORD00184,PROD0037,2,2831.83,20.91
ITEM00320,ORD00210,PROD0067,1,9698.79,16.24
ITEM00321,ORD00356,PROD0054,8,312.67,5.67
ITEM00322,ORD00238,PROD0067,6,3493.65,19.38
ITEM00323,ORD00543,PROD0071,8,5715.79,26.95
ITEM00324,ORD00267,PROD0030,8,2952.65,25.37
ITEM00325,ORD00292,PROD0059,3,1691.82,16.06
ITEM00326,ORD00180,PROD0091,3,1257.48,29.81
ITEM00327,ORD00452,PROD0034,6,5668.62,1.04
ITEM00328,ORD00353,PROD0019,6,9757.11,16.01
ITEM00329,ORD00026,PROD0052,8,9483.11,27.83
ITEM00330,ORD00560,PROD0065,6,3026.01,26.88
ITEM00331,ORD00588,PROD0086,3,7312.58,27.67
ITEM00332,ORD00116,PROD0094,8,1480.29,16.53
ITEM00333,ORD00412,PROD0080,4,1015.56,1.65
ITEM00334,ORD00598,PROD0068,4,7694.24,5.87
ITEM00335,ORD00457,PROD0087,2,4004.79,14.71
ITEM00336,ORD00524,PROD0008,6,7188.04,12.83
ITEM00337,ORD00013,PROD0037,6,9777.48,26.23
ITEM00338,ORD00455,PROD0095,7,2957.48,24.17
ITEM00339,ORD00435,PROD0094,7,5913.08,2.58
ITEM00340,ORD00487,PROD0068,6,9604.94,22.68
ITEM00341,ORD00420,PROD0082,5,5602.56,21.31
ITEM00342,ORD00141,PROD0026,3,2965.69,14.72
ITEM00343,ORD00310,PROD0075,5,7424.57,6.74
ITEM00344,ORD00158,PROD0034,5,8359.01,14.18
ITEM00345,ORD00295,PROD0054,3,6909.65,7.34
ITEM00346,ORD00284,PROD0064,2,3681.42,14.41
ITEM00347,ORD00265,PROD0081,8,8200.98,11.2
ITEM00348,ORD00018,PROD0034,3,1546.76,13.83
ITEM00349,ORD00366,PROD0021,1,4253.19,27.36
ITEM00350,ORD00297,PROD0038,9,860.58,5.81
ITEM00351,ORD00097,PROD0077,3,8737.19,24.8
ITEM00352,ORD00309,PROD0035,6,5842.46,24.7
ITEM00353,ORD00531,PROD0037,6,4178.75,27.63
ITEM00354,ORD00224,PROD0020,9,1965.33,26.91
ITEM00355,ORD00539,PROD0069,9,8045.54,12.52
ITEM00356,ORD00120,PROD0017,1,3184.58,10.88
ITEM00357,ORD00536,PROD0098,6,3116.37,22.33
ITEM00358,ORD00132,PROD0089,3,3143.54,6.3
ITEM00359,ORD00436,PROD0089,2,7769.45,22.72
ITEM00360,ORD00111,PROD0005,9,4743.92,27.26
ITEM00361,ORD00309,PROD0086,1,7845.47,27.6
ITEM00362,ORD00205,PROD0024,-2,8474.03,28.26
ITEM00363,ORD00357,PROD0046,3,7829.94,18.39
ITEM00364,ORD00070,PROD0013,10,5335.5,21.47
ITEM00365,ORD00176,PROD0097,-1,9249.9,27.61
ITEM00366,ORD00487,PROD0047,10,6767.9,3.22
ITEM00367,ORD00389,PROD0055,4,4135.02,22.84
ITEM00368,ORD00478,PROD0015,9,7646.51,21.14
ITEM00369,ORD00042,PROD0011,6,3909.33,13.71
ITEM00370,ORD00455,PROD0029,9,9851.13,12.84
ITEM00371,ORD00488,PROD0087,6,9987.36,14.75
ITEM00372,ORD00449,PROD0067,2,4008.63,20.85
ITEM00373,ORD00173,PROD0009,6,3452.45,17.85
ITEM00374,ORD00126,PROD0030,7,2857.33,21.4
ITEM00375,ORD00280,PROD0097,7,6700.1,28.5
ITEM00376,ORD00524,PROD0036,3,1169.56,7.52
ITEM00377,ORD00138,PROD0004,2,8320.09,14.94
ITEM00378,ORD00184,PROD0049,10,1612.09,18.66
ITEM00379,ORD00079,PROD0085,9,7948.04,6.06
ITEM00380,ORD00503,PROD0065,5,8113.87,16.22
ITEM00381,ORD00033,PROD0056,2,3214.14,11.29
ITEM00382,ORD00034,PROD0023,9,7815.89,26.54
ITEM00383,ORD00442,PROD0018,5,4925.8,3.28
ITEM00384,ORD00568,PROD0088,9,4811.52,25.63
ITEM00385,ORD00401,PROD0034,8,3840.2,20.29
ITEM00386,ORD00292,PROD0042,-1,1369.16,10.99
ITEM00387,ORD00598,PROD0004,6,4338.67,29.76
ITEM00388,ORD00058,PROD0085,4,6516.02,17.78
ITEM00389,ORD00068,PROD0040,2,295.15,9.78
ITEM00390,ORD00433,PROD0073,9,2739.53,20.88
ITEM00391,ORD00325,PROD0049,10,5768.13,24.25
ITEM00392,ORD00211,PROD0044,8,7672.55,10.19
ITEM00393,ORD00373,PROD0056,4,8488.61,23.61
ITEM00394,ORD00549,PROD0028,5,3043.47,17.21
ITEM00395,ORD00095,PROD0092,10,3434.7,2.02
ITEM00396,ORD00487,PROD0055,4,858.95,24.71
ITEM00397,ORD00308,PROD0056,9,4201.71,7.54
ITEM00398,ORD00561,PROD0024,1,5210.62,5.6
ITEM00399,ORD00479,PROD0035,9,8542.47,27.21
ITEM00400,ORD00062,PROD0067,4,1562.66,4.51
ITEM00401,ORD00308,PROD0056,7,8319.12,1.93
ITEM00402,ORD00423,PROD0035,5,2638.82,18.04
ITEM00403,ORD00117,PROD0020,-3,4695.18,16.79
ITEM00404,ORD00038,PROD0026,3,388.5,23.69
ITEM00405,ORD00564,PROD0023,1,4909.84,0.6
ITEM00406,ORD00086,PROD0041,10,729.46,28.65
ITEM00407,ORD00093,PROD0051,3,5752.64,15.01
ITEM00408,ORD00595,PROD0100,9,8857.19,7.14
ITEM00409,ORD00321,PROD0043,10,8077.83,22.32
ITEM00410,ORD00224,PROD0019,2,9702.24,13.18
ITEM00411,ORD00058,PROD0063,9,9492.24,9.49
ITEM00412,ORD00253,PROD0036,3,7185.15,24.64
ITEM00413,ORD00036,PROD0095,1,7909.15,7.19
ITEM00414,ORD00317,PROD0082,6,6883.96,16.05
ITEM00415,ORD00454,PROD0050,1,3990.46,29.34
ITEM00416,ORD00093,PROD0097,4,8608.23,4.81
ITEM00417,ORD00325,PROD0099,7,2812.96,2.4
ITEM00418,ORD00504,PROD0061,7,3393.95,12.67
ITEM00419,ORD00103,PROD0021,5,3583.38,18.06
ITEM00420,ORD00335,PROD0059,1,6449.59,5.51
ITEM00421,ORD00140,PROD0001,7,3124.92,17.27
ITEM00422,ORD00256,PROD0067,3,6888.96,23.78
ITEM00423,ORD00490,PROD0095,3,6905.92,24.8
ITEM00424,ORD00204,PROD0011,7,3995.59,11.32
ITEM00425,ORD00585,PROD0029,1,9238.81,19.41
ITEM00426,ORD00092,PROD0060,4,8533.13,1.49
ITEM00427,ORD00267,PROD0020,2,1784.22,17.02
ITEM00428,ORD00539,PROD0056,8,4992.08,6.73
ITEM00429,ORD00273,PROD0037,8,4369.96,6.2
ITEM00430,ORD00290,PROD0094,4,4144.39,4.38
ITEM00431,ORD00269,PROD0031,10,2558.35,17.49
ITEM00432,ORD00088,PROD0002,8,3300.14,20.79
ITEM00433,ORD00393,PROD0091,7,2636.63,2.86
ITEM00434,ORD00341,PROD0031,8,9967.72,28.18
ITEM00435,ORD00047,PROD0001,5,3871.28,29.33
ITEM00436,ORD00136,PROD0072,1,2676.89,15.11
ITEM00437,ORD00480,PROD0017,2,5351.2,4.25
ITEM00438,ORD00046,PROD0017,8,8364.56,22.43
ITEM00439,ORD00290,PROD0034,10,9274.5,15.51
ITEM00440,ORD00169,PROD0041,8,1597.52,25.59
ITEM00441,ORD00451,PROD0007,4,2375.62,1.08
ITEM00442,ORD00479,PROD0056,2,9279.34,1.22
ITEM00443,ORD00575,PROD0063,8,8473.8,26.01
ITEM00444,ORD00096,PROD0027,5,1766.12,15.26
ITEM00445,ORD00600,PROD0028,10,140.84,23.01
ITEM00446,ORD00079,PROD0032,8,8884.94,0.78
ITEM00447,ORD00125,PROD0051,6,9517.08,25.11
ITEM00448,ORD00084,PROD0059,8,9556.5,148.52
ITEM00449,ORD00464,PROD0042,10,8646.46,24.05
ITEM00450,ORD00057,PROD0096,2,6062.69,2.78
ITEM00451,ORD00246,PROD0099,7,8538.22,4.89
ITEM00452,ORD00292,PROD0083,3,4959.37,12.97
ITEM00453,ORD00318,PROD0088,10,6688.65,24.96
ITEM00454,ORD00502,PROD0058,7,5674.27,12.69
ITEM00455,ORD00378,PROD0079,3,4317.57,1.21
ITEM00456,ORD00475,PROD0087,4,7164.99,27.92
ITEM00457,ORD00538,PROD0011,5,883.91,24.05
ITEM00458,ORD00131,PROD0088,5,5278.61,8.86
ITEM00459,ORD00079,PROD0006,9,4306.64,2.83
ITEM00460,ORD00583,PROD0033,6,909.52,15.1
ITEM00461,ORD00474,PROD0023,3,548.06,12.49
ITEM00462,ORD00322,PROD0076,8,4554.48,24.24
ITEM00463,ORD00192,PROD0028,3,9823.64,7.78
ITEM00464,ORD00445,PROD0069,-1,231.72,19.67
ITEM00465,ORD00415,PROD0085,10,3097.72,24.39
ITEM00466,ORD00405,PROD0039,2,237.37,3.36
ITEM00467,ORD00193,PROD0004,4,1537.03,7.25
ITEM00468,ORD00552,PROD0025,2,4687.91,14.22
ITEM00469,ORD00171,PROD0020,8,4767.74,25.79
ITEM00470,ORD00207,PROD0038,10,3978.16,10.02
ITEM00471,ORD00443,PROD0054,8,5998.81,16.63
ITEM00472,ORD00500,PROD0052,8,7273.68,28.06
ITEM00473,ORD00500,PROD0030,1,4277.85,9.48
ITEM00474,ORD00428,PROD0061,2,9395.75,10.4
ITEM00475,ORD00022,PROD0021,5,4745.48,13.14
ITEM00476,ORD00348,PROD0078,8,3004.6,21.34
ITEM00477,ORD00369,PROD0061,3,2896.33,22.48
ITEM00478,ORD00133,PROD0023,4,4972.64,23.8
ITEM00479,ORD00506,PROD0039,4,565.79,0.54
ITEM00480,ORD00366,PROD0087,3,8608.67,15.1
ITEM00481,ORD00346,PROD0056,2,1294.81,6.72
ITEM00482,ORD00349,PROD0046,1,5614.52,26.89
ITEM00483,ORD00528,PROD0078,2,9273.66,13.13
ITEM00484,ORD00114,PROD0014,10,8598.04,3.06
ITEM00485,ORD00520,PROD0014,3,8721.61,27.33
ITEM00486,ORD00300,PROD0091,8,5034.07,26.11
ITEM00487,ORD00373,PROD0043,3,2098.71,29.09
ITEM00488,ORD00007,PROD0032,8,5099.73,2.56
ITEM00489,ORD00425,PROD0047,4,7559.72,12.65
ITEM00490,ORD00440,PROD0053,7,9523.22,15.48
ITEM00491,ORD00031,PROD0057,3,7204.49,15.52
ITEM00492,ORD00347,PROD0041,7,1726.81,1.84
ITEM00493,ORD00155,PROD0074,1,9802.47,23.97
ITEM00494,ORD00303,PROD0054,7,7037.82,26.21
ITEM00495,ORD00322,PROD0045,1,9012.06,18.31
ITEM00496,ORD00414,PROD0058,4,6281.16,18.55
ITEM00497,ORD00354,PROD0084,7,8821.65,2.53
ITEM00498,ORD00400,PROD0093,3,5453.82,6.41
ITEM00499,ORD00320,PROD0067,6,1684.27,0.84
ITEM00500,ORD00265,PROD0031,5,9870.85,3.31
ITEM00501,ORD00382,PROD0034,9,572.56,19.53
ITEM00502,ORD00306,PROD0074,1,9831.21,24.16
ITEM00503,ORD00580,PROD0092,9,2415.0,8.98
ITEM00504,ORD00587,PROD0087,3,5244.7,7.43
ITEM00505,ORD00597,PROD0025,6,1550.88,12.77
ITEM00506,ORD00095,PROD0008,7,4814.91,13.38
ITEM00507,ORD00539,PROD0052,10,7810.36,26.16
ITEM00508,ORD00434,PROD0057,8,4227.53,4.89
ITEM00509,ORD00497,PROD0092,8,7074.79,25.9
ITEM00510,ORD00218,PROD0059,8,1652.71,16.77
ITEM00511,ORD00122,PROD0078,7,3758.9,8.69
ITEM00512,ORD00121,PROD0048,5,3102.27,14.58
ITEM00513,ORD00146,PROD0076,7,8953.1,26.67
ITEM00514,ORD00501,PROD0001,2,768.89,1.34
ITEM00515,ORD00318,PROD0073,8,7835.36,14.26
ITEM00516,ORD00136,PROD0098,3,4663.27,13.5
ITEM00517,ORD00334,PROD0012,10,4155.32,6.98
ITEM00518,ORD00554,PROD0006,8,6494.57,25.98
ITEM00519,ORD00586,PROD0081,5,1325.44,16.78
ITEM00520,ORD00555,PROD0074,1,5265.36,22.52
ITEM00521,ORD00020,PROD0016,9,287.84,23.6
ITEM00522,ORD00594,PROD0057,2,6107.86,12.05
ITEM00523,ORD00024,PROD0044,7,338.16,15.84
ITEM00524,ORD00094,PROD0015,2,2924.98,5.48
ITEM00525,ORD00158,PROD0040,7,683.25,28.83
ITEM00526,ORD00060,PROD0039,7,1510.36,26.79
ITEM00527,ORD00124,PROD0007,4,6010.35,7.09
ITEM00528,ORD00517,PROD0050,2,3251.53,16.59
ITEM00529,ORD00030,PROD0053,4,284.37,16.62
ITEM00530,ORD00104,PROD0032,9,1343.16,17.05
ITEM00531,ORD00513,PROD0027,3,9854.56,23.46
ITEM00532,ORD00434,PROD0072,8,8145.17,28.83
ITEM00533,ORD00172,PROD0001,1,4873.64,17.94
ITEM00534,ORD00390,PROD0045,4,5152.25,1.36
ITEM00535,ORD00577,PROD0009,5,7014.45,24.91
ITEM00536,ORD00287,PROD0056,4,9578.43,9.55
ITEM00537,ORD00351,PROD0082,5,7106.77,8.19
ITEM00538,ORD00330,PROD0044,4,6035.19,0.48
ITEM00539,ORD00003,PROD0078,-1,6759.79,12.39
ITEM00540,ORD00501,PROD0098,7,7894.32,19.47
ITEM00541,ORD00032,PROD0086,8,3594.65,24.38
ITEM00542,ORD00367,PROD0050,3,8137.51,29.51
ITEM00543,ORD00380,PROD0025,-1,7608.37,20.42
ITEM00544,ORD00197,PROD0012,10,8103.3,6.63
ITEM00545,ORD00372,PROD0005,5,7070.07,149.23
ITEM00546,ORD00406,PROD0015,5,4990.71,16.55
ITEM00547,ORD00580,PROD0087,10,747.07,3.85
ITEM00548,ORD00266,PROD0073,4,7316.1,8.23
ITEM00549,ORD00024,PROD0089,9,6838.74,121.93
ITEM00550,ORD00054,PROD0042,7,4128.07,3.65
ITEM00551,ORD00508,PROD0047,9,8849.64,6.74
ITEM00552,ORD00431,PROD0069,8,3979.4,10.04
ITEM00553,ORD00026,PROD0095,4,4295.82,2.23
ITEM00554,ORD00169,PROD0043,5,6290.42,0.84
ITEM00555,ORD00025,PROD0076,6,2546.82,14.21
ITEM00556,ORD00056,PROD0043,9,9441.12,23.27
ITEM00557,ORD00098,PROD0081,8,946.79,1.82
ITEM00558,ORD00321,PROD0089,2,713.82,24.07
ITEM00559,ORD00443,PROD0009,2,5636.65,8.85
ITEM00560,ORD00099,PROD0080,7,6035.8,19.79
ITEM00561,ORD00394,PROD0060,7,6230.38,10.19
ITEM00562,ORD00027,PROD0059,9,2005.57,3.08
ITEM00563,ORD00070,PROD0076,4,1347.22,15.27
ITEM00564,ORD00493,PROD0093,10,2507.21,23.91
ITEM00565,ORD00320,PROD0075,7,6551.88,10.73
ITEM00566,ORD00555,PROD0100,3,3155.88,10.29
ITEM00567,ORD00009,PROD0067,10,1531.54,7.12
ITEM00568,ORD00573,PROD0007,7,9767.46,19.22
ITEM00569,ORD00071,PROD0044,4,6978.34,29.46
ITEM00570,ORD00340,PROD0075,10,6199.42,12.56
ITEM00571,ORD00466,PROD0006,8,136.6,6.69
ITEM00572,ORD00219,PROD0031,8,9530.62,9.95
ITEM00573,ORD00211,PROD0052,3,166.58,0.3
ITEM00574,ORD00569,PROD0015,3,2024.59,17.57
ITEM00575,ORD00045,PROD0004,4,1824.05,26.56
ITEM00576,ORD00348,PROD0071,4,312.77,25.29
ITEM00577,ORD00022,PROD0087,3,7895.4,3.33
ITEM00578,ORD00313,PROD0059,4,3786.27,5.14
ITEM00579,ORD00445,PROD0092,2,8838.96,3.92
ITEM00580,ORD00546,PROD0049,6,4352.45,19.08
ITEM00581,ORD00194,PROD0069,5,3344.04,1.6
ITEM00582,ORD00130,PROD0066,10,2171.45,2.44
ITEM00583,ORD00067,PROD0022,9,8835.98,22.53
ITEM00584,ORD00532,PROD0060,3,3801.4,20.84
ITEM00585,ORD00507,PROD0061,5,6417.25,23.72
ITEM00586,ORD00213,PROD0029,4,2420.41,6.56
ITEM00587,ORD00387,PROD0074,3,3803.66,16.52
ITEM00588,ORD00087,PROD0038,8,2378.76,1.23
ITEM00589,ORD00345,PROD0055,8,4148.63,24.14
ITEM00590,ORD00392,PROD0004,3,2729.69,2.28
ITEM00591,ORD00302,PROD0065,9,873.77,8.29
ITEM00592,ORD00122,PROD0010,6,2083.04,5.9
ITEM00593,ORD00310,PROD0096,5,6079.94,4.14
ITEM00594,ORD00557,PROD0034,1,2890.27,10.4
ITEM00595,ORD00416,PROD0075,1,5175.21,22.83
ITEM00596,ORD00408,PROD0030,4,2177.76,7.01
ITEM00597,ORD00566,PROD0097,8,4667.87,23.76
ITEM00598,ORD00193,PROD0055,7,4554.72,16.75
ITEM00599,ORD00592,PROD0017,5,195.84,24.31
ITEM00600,ORD00348,PROD0029,7,7551.0,22.89
ITEM00601,ORD00307,PROD0042,-1,9229.23,4.61
ITEM00602,ORD00339,PROD0073,10,5781.4,11.73
ITEM00603,ORD00401,PROD0009,9,4800.3,9.87
ITEM00604,ORD00312,PROD0012,3,5573.78,0.96
ITEM00605,ORD00501,PROD0004,3,9122.32,11.58
ITEM00606,ORD00299,PROD0085,9,668.79,15.56
ITEM00607,ORD00421,PROD0051,3,1378.46,12.55
ITEM00608,ORD00399,PROD0027,3,3166.6,24.54
ITEM00609,ORD00163,PROD0078,10,5916.17,15.07
ITEM00610,ORD00283,PROD0026,1,4512.74,24.74
ITEM00611,ORD00253,PROD0068,6,8804.47,13.81
ITEM00612,ORD00094,PROD0037,8,8442.13,23.77
ITEM00613,ORD00180,PROD0054,4,6215.59,12.96
ITEM00614,ORD00188,PROD0090,10,7016.58,1.31
ITEM00615,ORD00162,PROD0036,9,9171.33,20.94
ITEM00616,ORD00223,PROD0064,7,5572.96,29.86
ITEM00617,ORD00108,PROD0065,6,1731.91,6.22
ITEM00618,ORD00028,PROD0010,8,7484.98,25.67
ITEM00619,ORD00011,PROD0033,2,1451.16,20.11
ITEM00620,ORD00473,PROD0009,2,2498.71,28.5
ITEM00621,ORD00286,PROD0021,3,6109.19,5.32
ITEM00622,ORD00401,PROD0022,2,210.99,8.2
ITEM00623,ORD00183,PROD0028,1,5369.76,13.26
ITEM00624,ORD00536,PROD0083,2,3152.41,138.85
ITEM00625,ORD00207,PROD0032,6,2079.86,0.48
ITEM00626,ORD00015,PROD0044,4,725.4,28.76
ITEM00627,ORD00172,PROD0093,3,5173.75,24.47
ITEM00628,ORD00195,PROD0080,4,4011.13,12.84
ITEM00629,ORD00109,PROD0046,6,4081.18,9.49
ITEM00630,ORD00470,PROD0029,2,2856.73,18.72
ITEM00631,ORD00224,PROD0053,5,5045.8,29.71
ITEM00632,ORD00583,PROD0022,5,6038.68,29.44
ITEM00633,ORD00137,PROD0043,3,8851.27,9.54
ITEM00634,ORD00494,PROD0009,-5,4544.22,15.33
ITEM00635,ORD00516,PROD0076,1,6201.85,26.9
ITEM00636,ORD00439,PROD0097,4,693.24,11.24
ITEM00637,ORD00156,PROD0049,4,2456.83,21.76
ITEM00638,ORD00455,PROD0095,6,3243.63,23.61
ITEM00639,ORD00425,PROD0083,5,2367.2,21.99
ITEM00640,ORD00211,PROD0070,1,6683.56,7.45
ITEM00641,ORD00228,PROD0078,7,1917.1,18.89
ITEM00642,ORD00504,PROD0009,4,9920.92,28.15
ITEM00643,ORD00178,PROD0076,9,9324.95,7.09
ITEM00644,ORD00479,PROD0040,3,2524.76,5.29
ITEM00645,ORD00293,PROD0074,8,2093.87,25.87
ITEM00646,ORD00369,PROD0051,7,4469.62,15.16
ITEM00647,ORD00160,PROD0062,1,4331.23,2.5
ITEM00648,ORD00308,PROD0077,9,7293.82,7.72
ITEM00649,ORD00465,PROD0037,7,4860.36,10.0
ITEM00650,ORD00201,PROD0020,-5,7330.65,11.23
ITEM00651,ORD00426,PROD0051,6,3147.33,29.63
ITEM00652,ORD00040,PROD0016,7,1707.39,22.89
ITEM00653,ORD00357,PROD0066,8,3744.99,1.73
ITEM00654,ORD00435,PROD0095,4,441.62,24.39
ITEM00655,ORD00029,PROD0090,3,4609.16,20.43
ITEM00656,ORD00593,PROD0085,-1,6479.53,27.51
ITEM00657,ORD00083,PROD0067,4,1741.65,12.81
ITEM00658,ORD00513,PROD0069,7,7365.94,22.57
ITEM00659,ORD00092,PROD0014,10,3509.49,4.28
ITEM00660,ORD00408,PROD0090,-2,8182.25,0.05
ITEM00661,ORD00428,PROD0068,7,7357.12,5.12
ITEM00662,ORD00138,PROD0026,8,9489.98,13.52
ITEM00663,ORD00191,PROD0026,1,8110.87,5.76
ITEM00664,ORD00419,PROD0057,10,6400.69,2.39
ITEM00665,ORD00128,PROD0036,2,5897.9,14.34
ITEM00666,ORD00104,PROD0002,1,9556.62,19.96
ITEM00667,ORD00043,PROD0013,4,171.89,18.09
ITEM00668,ORD00273,PROD0063,8,6083.28,10.1
ITEM00669,ORD00352,PROD0041,4,6684.28,11.35
ITEM00670,ORD00365,PROD0043,-4,7279.68,26.64
ITEM00671,ORD00126,PROD0068,5,7539.25,7.46
ITEM00672,ORD00487,PROD0066,7,130.98,19.14
ITEM00673,ORD00330,PROD0003,6,9699.02,22.07
ITEM00674,ORD00240,PROD0078,8,6164.66,2.44
ITEM00675,ORD00488,PROD0085,2,3009.24,5.85
ITEM00676,ORD00533,PROD0074,9,5029.46,2.61
ITEM00677,ORD00562,PROD0060,3,9555.01,14.47
ITEM00678,ORD00250,PROD0028,3,6631.48,2.68
ITEM00679,ORD00030,PROD0021,6,7686.46,6.61
ITEM00680,ORD00488,PROD0086,2,9235.09,19.01
ITEM00681,ORD00341,PROD0029,10,6046.73,19.32
ITEM00682,ORD00391,PROD0084,9,4425.93,7.0
ITEM00683,ORD00298,PROD0012,2,7431.75,28.12
ITEM00684,ORD00119,PROD0074,6,3202.39,11.41
ITEM00685,ORD00319,PROD0008,10,8486.47,29.4
ITEM00686,ORD00374,PROD0087,3,6056.01,6.66
ITEM00687,ORD00552,PROD0059,6,9434.61,25.12
ITEM00688,ORD00467,PROD0019,10,7495.89,25.47
ITEM00689,ORD00036,PROD0077,6,9904.32,3.7
ITEM00690,ORD00588,PROD0062,4,7070.99,11.3
ITEM00691,ORD00342,PROD0020,4,9350.89,6.75
ITEM00692,ORD00184,PROD0063,7,8168.62,27.37
ITEM00693,ORD00023,PROD0071,7,6811.2,29.71
ITEM00694,ORD00401,PROD0010,9,2895.4,27.69
ITEM00695,ORD00562,PROD0051,2,7547.44,17.41
ITEM00696,ORD00312,PROD0059,3,4474.65,14.47
ITEM00697,ORD00215,PROD0028,4,190.41,21.78
ITEM00698,ORD00152,PROD0049,7,1765.41,1.69
ITEM00699,ORD00486,PROD0023,1,5202.81,10.15
ITEM00700,ORD00153,PROD0081,7,1276.15,11.9
ITEM00701,ORD00177,PROD0084,7,9912.52,20.12
ITEM00702,ORD00475,PROD0084,7,6566.64,11.02
ITEM00703,ORD00085,PROD0016,8,9093.94,6.75
ITEM00704,ORD00587,PROD0062,5,1036.08,17.79
ITEM00705,ORD00445,PROD0039,10,3319.77,21.41
ITEM00706,ORD00551,PROD0024,7,295.49,16.68
ITEM00707,ORD00543,PROD0063,2,5888.74,21.41
ITEM00708,ORD00128,PROD0097,4,8986.26,5.42
ITEM00709,ORD00185,PROD0001,9,3211.53,1.17
ITEM00710,ORD00166,PROD0012,9,7555.38,2.54
ITEM00711,ORD00306,PROD0047,9,9773.32,19.74
ITEM00712,ORD00048,PROD0067,5,4504.71,17.31
ITEM00713,ORD00536,PROD0046,10,2177.41,2.97
ITEM00714,ORD00243,PROD0005,4,8575.24,6.46
ITEM00715,ORD00566,PROD0028,10,1372.07,18.67
ITEM00716,ORD00262,PROD0034,7,1716.86,13.68
ITEM00717,ORD00436,PROD0089,3,798.52,21.98
ITEM00718,ORD00198,PROD0092,6,6512.93,15.34
ITEM00719,ORD00158,PROD0041,7,9643.78,7.42
ITEM00720,ORD00545,PROD0015,9,3360.64,2.67
ITEM00721,ORD00280,PROD0019,4,1069.67,29.38
ITEM00722,ORD00108,PROD0016,3,8767.57,17.66
ITEM00723,ORD00098,PROD0068,6,8667.44,16.55
ITEM00724,ORD00050,PROD0022,6,3956.68,10.36
ITEM00725,ORD00545,PROD0071,10,4086.25,17.77
ITEM00726,ORD00526,PROD0092,3,1512.43,17.03
ITEM00727,ORD00380,PROD0091,4,4240.61,13.73
ITEM00728,ORD00363,PROD0060,9,9530.9,15.62
ITEM00729,ORD00235,PROD0040,2,4124.5,9.38
ITEM00730,ORD00082,PROD0010,4,1734.62,1.72
ITEM00731,ORD00568,PROD0064,1,4297.44,15.26
ITEM00732,ORD00492,PROD0064,9,6800.06,15.97
ITEM00733,ORD00015,PROD0079,4,7484.58,21.42
ITEM00734,ORD00354,PROD0032,9,519.32,13.46
ITEM00735,ORD00537,PROD0029,3,8410.15,15.41
ITEM00736,ORD00433,PROD0064,7,9700.31,10.14
ITEM00737,ORD00553,PROD0099,2,4882.93,131.93
ITEM00738,ORD00404,PROD0028,5,9595.44,15.47
ITEM00739,ORD00475,PROD0080,8,158.32,13.81
ITEM00740,ORD00110,PROD0001,6,1942.96,10.64
ITEM00741,ORD00504,PROD0026,2,8995.25,12.32
ITEM00742,ORD00008,PROD0020,5,4014.05,8.98
ITEM00743,ORD00187,PROD0069,5,4441.86,25.18
ITEM00744,ORD00363,PROD0096,-2,1195.59,8.55
ITEM00745,ORD00432,PROD0096,6,1687.09,5.97
ITEM00746,ORD00273,PROD0016,7,5006.12,20.45
ITEM00747,ORD00410,PROD0065,7,9581.02,23.78
ITEM00748,ORD00353,PROD0065,1,2441.4,20.35
ITEM00749,ORD00009,PROD0056,8,4910.7,22.83
ITEM00750,ORD00157,PROD0094,9,2883.27,3.45
ITEM00751,ORD00254,PROD0086,7,7093.96,24.3
ITEM00752,ORD00515,PROD0079,3,8563.23,18.87
ITEM00753,ORD00124,PROD0017,7,9904.95,27.87
ITEM00754,ORD00205,PROD0012,1,5297.21,21.0
ITEM00755,ORD00228,PROD0044,7,5147.65,19.32
ITEM00756,ORD00276,PROD0047,5,7144.7,7.41
ITEM00757,ORD00187,PROD0006,1,7473.07,6.36
ITEM00758,ORD00104,PROD0056,3,4963.73,10.03
ITEM00759,ORD00014,PROD0088,9,1390.05,10.82
ITEM00760,ORD00542,PROD0078,6,2831.87,17.53
ITEM00761,ORD00109,PROD0017,10,5906.96,27.37
ITEM00762,ORD00196,PROD0025,8,841.31,16.4
ITEM00763,ORD00486,PROD0098,4,1621.36,3.83
ITEM00764,ORD00259,PROD0098,9,8959.64,13.45
ITEM00765,ORD00447,PROD0009,8,9320.19,15.12
ITEM00766,ORD00281,PROD0090,3,9562.45,1.82
ITEM00767,ORD00195,PROD0095,7,5371.45,15.4
ITEM00768,ORD00449,PROD0097,9,7815.78,12.03
ITEM00769,ORD00189,PROD0001,3,5961.92,0.27
ITEM00770,ORD00526,PROD0059,9,5298.22,9.1
ITEM00771,ORD00275,PROD0071,2,551.56,7.15
ITEM00772,ORD00152,PROD0036,3,7927.15,19.27
ITEM00773,ORD00216,PROD0069,-3,6363.56,29.17
ITEM00774,ORD00563,PROD0034,3,6153.67,9.74
ITEM00775,ORD00011,PROD0046,4,2868.93,7.68
ITEM00776,ORD00598,PROD0014,7,2647.72,18.79
ITEM00777,ORD00212,PROD0057,4,2118.79,18.89
ITEM00778,ORD00405,PROD0020,8,7290.23,11.06
ITEM00779,ORD00096,PROD0064,3,8174.42,5.28
ITEM00780,ORD00185,PROD0083,-2,8864.01,24.52
ITEM00781,ORD00193,PROD0009,3,2528.01,27.27
ITEM00782,ORD00103,PROD0093,9,7529.4,0.35
ITEM00783,ORD00394,PROD0003,2,7658.11,19.33
ITEM00784,ORD00255,PROD0099,2,9392.12,17.99
ITEM00785,ORD00010,PROD0014,9,3450.06,21.22
ITEM00786,ORD00492,PROD0098,10,8173.1,9.22
ITEM00787,ORD00250,PROD0008,9,6312.11,3.69
ITEM00788,ORD00106,PROD0070,5,8875.92,111.99
ITEM00789,ORD00233,PROD0055,7,6588.11,6.78
ITEM00790,ORD00394,PROD0088,2,9908.6,6.74
ITEM00791,ORD00289,PROD0046,2,1271.67,27.7
ITEM00792,ORD00045,PROD0078,3,5351.76,17.99
ITEM00793,ORD00154,PROD0086,5,2941.35,26.26
ITEM00794,ORD00512,PROD0085,6,8126.12,21.34
ITEM00795,ORD00003,PROD0020,3,3966.94,21.64
ITEM00796,ORD00490,PROD0009,2,9599.89,8.35
ITEM00797,ORD00131,PROD0024,7,4992.64,14.44
ITEM00798,ORD00342,PROD0018,4,5538.46,16.16
ITEM00799,ORD00550,PROD0030,7,7177.72,15.81
ITEM00800,ORD00225,PROD0090,2,128.37,29.82
ITEM00801,ORD00572,PROD0061,3,689.82,10.48
ITEM00802,ORD00143,PROD0038,8,8547.79,29.15
ITEM00803,ORD00249,PROD0027,4,1464.23,28.86
ITEM00804,ORD00387,PROD0094,1,4304.62,1.62
ITEM00805,ORD00596,PROD0010,8,8717.72,0.91
ITEM00806,ORD00081,PROD0032,-4,1582.2,5.47
ITEM00807,ORD00541,PROD0090,5,7253.32,13.32
ITEM00808,ORD00014,PROD0037,2,8823.46,0.96
ITEM00809,ORD00516,PROD0021,1,4293.85,28.45
ITEM00810,ORD00265,PROD0074,9,2350.42,27.94
ITEM00811,ORD00095,PROD0067,7,1338.82,6.36
ITEM00812,ORD00225,PROD0051,3,9762.28,18.15
ITEM00813,ORD00480,PROD0062,6,4110.49,11.41
ITEM00814,ORD00381,PROD0083,7,1173.17,2.33
ITEM00815,ORD00344,PROD0004,4,5461.52,1.96
ITEM00816,ORD00317,PROD0025,9,9299.1,7.21
ITEM00817,ORD00584,PROD0073,1,7923.23,1.37
ITEM00818,ORD00317,PROD0002,6,9591.52,15.01
ITEM00819,ORD00401,PROD0093,6,7056.3,2.92
ITEM00820,ORD00516,PROD0013,9,1586.85,17.62
ITEM00821,ORD00039,PROD0038,3,4684.75,26.56
ITEM00822,ORD00238,PROD0028,3,1694.37,28.91
ITEM00823,ORD00536,PROD0099,6,1398.86,8.73
ITEM00824,ORD00442,PROD0006,7,9970.39,18.21
ITEM00825,ORD00581,PROD0081,8,247.92,22.99
ITEM00826,ORD00090,PROD0064,2,1780.2,8.87
ITEM00827,ORD00591,PROD0047,6,1873.94,23.16
ITEM00828,ORD00485,PROD0033,8,1490.43,3.72
ITEM00829,ORD00041,PROD0047,5,8584.31,27.51
ITEM00830,ORD00376,PROD0066,10,3799.46,20.47
ITEM00831,ORD00270,PROD0088,1,6474.28,22.23
ITEM00832,ORD00575,PROD0002,3,2977.54,4.75
ITEM00833,ORD00075,PROD0029,7,6724.59,10.47
ITEM00834,ORD00548,PROD0060,2,7344.6,27.52
ITEM00835,ORD00444,PROD0026,7,3241.12,29.89
ITEM00836,ORD00488,PROD0015,5,5496.3,28.46
ITEM00837,ORD00219,PROD0041,10,6050.67,11.41
ITEM00838,ORD00371,PROD0056,8,2193.78,0.69
ITEM00839,ORD00434,PROD0035,5,927.55,2.08
ITEM00840,ORD00306,PROD0092,8,5295.3,20.09
ITEM00841,ORD00056,PROD0012,7,7556.44,4.94
ITEM00842,ORD00430,PROD0062,8,7860.19,28.97
ITEM00843,ORD00585,PROD0050,1,8948.41,5.96
ITEM00844,ORD00593,PROD0079,3,9865.04,28.17
ITEM00845,ORD00325,PROD0002,3,9344.81,14.98
ITEM00846,ORD00417,PROD0034,9,9883.56,28.3
ITEM00847,ORD00461,PROD0082,10,2264.37,29.37
ITEM00848,ORD00560,PROD0100,3,2239.76,6.29
ITEM00849,ORD00591,PROD0002,6,260.29,26.9
ITEM00850,ORD00128,PROD0090,8,4614.38,12.31
ITEM00851,ORD00556,PROD0055,9,3424.68,27.79
ITEM00852,ORD00383,PROD0023,9,5473.35,11.45
ITEM00853,ORD00448,PROD0082,5,9385.23,27.18
ITEM00854,ORD00090,PROD0014,2,6200.98,12.34
ITEM00855,ORD00558,PROD0013,8,8078.12,20.03
ITEM00856,ORD00217,PROD0029,8,1233.56,25.69
ITEM00857,ORD00360,PROD0060,7,6484.11,23.54
ITEM00858,ORD00384,PROD0029,9,8808.11,7.93
ITEM00859,ORD00425,PROD0087,-4,423.48,0.79
ITEM00860,ORD00532,PROD0095,10,1787.07,17.17
ITEM00861,ORD00570,PROD0051,4,3993.85,1.55
ITEM00862,ORD00440,PROD0017,7,1819.8,27.13
ITEM00863,ORD00448,PROD0030,2,1350.67,3.55
ITEM00864,ORD00402,PROD0098,5,1674.63,9.67
ITEM00865,ORD00027,PROD0056,1,5973.55,0.83
ITEM00866,ORD00081,PROD0074,-2,9835.8,19.03
ITEM00867,ORD00192,PROD0031,4,5400.63,7.36
ITEM00868,ORD00388,PROD0099,5,2822.15,28.05
ITEM00869,ORD00594,PROD0014,2,5999.35,3.21
ITEM00870,ORD00185,PROD0012,2,3677.83,25.15
ITEM00871,ORD00503,PROD0003,7,9596.25,2.29
ITEM00872,ORD00385,PROD0041,8,1880.08,0.3
ITEM00873,ORD00581,PROD0081,10,1260.35,10.28
ITEM00874,ORD00560,PROD0001,3,2619.56,3.65
ITEM00875,ORD00549,PROD0003,9,1608.23,26.01
ITEM00876,ORD00223,PROD0004,6,926.08,20.75
ITEM00877,ORD00281,PROD0062,4,3550.68,16.54
ITEM00878,ORD00508,PROD0056,9,9231.25,7.5
ITEM00879,ORD00288,PROD0051,2,7687.84,9.35
ITEM00880,ORD00500,PROD0056,8,7496.08,24.48
ITEM00881,ORD00393,PROD0055,4,3802.21,18.98
ITEM00882,ORD00172,PROD0005,9,4157.1,18.12
ITEM00883,ORD00544,PROD0046,-2,8109.5,12.88
ITEM00884,ORD00252,PROD0010,4,3782.45,23.39
ITEM00885,ORD00327,PROD0089,1,2216.35,17.02
ITEM00886,ORD00239,PROD0072,2,6057.84,15.82
ITEM00887,ORD00285,PROD0092,10,8093.52,20.14
ITEM00888,ORD00432,PROD0088,7,3269.2,5.91
ITEM00889,ORD00511,PROD0006,5,1328.52,5.13
ITEM00890,ORD00393,PROD0031,-1,6472.3,25.68
ITEM00891,ORD00473,PROD0037,3,4087.83,26.87
ITEM00892,ORD00041,PROD0044,1,1041.69,24.08
ITEM00893,ORD00282,PROD0041,6,5608.86,9.4
ITEM00894,ORD00403,PROD0039,8,6446.86,27.31
ITEM00895,ORD00106,PROD0004,4,202.92,3.15
ITEM00896,ORD00447,PROD0029,3,7268.67,24.37
ITEM00897,ORD00551,PROD0001,1,7870.95,3.32
ITEM00898,ORD00077,PROD0034,6,7937.12,11.39
ITEM00899,ORD00142,PROD0075,8,3261.39,4.44
ITEM00900,ORD00424,PROD0082,8,5265.46,7.22
ITEM00901,ORD00502,PROD0036,6,4878.79,2.75
ITEM00902,ORD00085,PROD0046,9,2499.52,19.41
ITEM00903,ORD00080,PROD0010,8,229.97,6.48
ITEM00904,ORD00193,PROD0063,2,8158.55,22.85
ITEM00905,ORD00321,PROD0098,5,6587.36,25.43
ITEM00906,ORD00134,PROD0029,6,4579.08,18.61
ITEM00907,ORD00410,PROD0025,2,1725.54,9.21
ITEM00908,ORD00105,PROD0019,8,7475.76,7.22
ITEM00909,ORD00192,PROD0035,1,5355.77,10.56
ITEM00910,ORD00564,PROD0011,6,1591.14,15.07
ITEM00911,ORD00055,PROD0057,5,586.43,11.48
ITEM00912,ORD00199,PROD0038,4,5981.09,15.89
ITEM00913,ORD00444,PROD0014,1,9593.82,6.59
ITEM00914,ORD00037,PROD0074,5,5368.1,8.26
ITEM00915,ORD00415,PROD0051,7,7365.85,26.39
ITEM00916,ORD00211,PROD0022,4,2951.13,17.89
ITEM00917,ORD00097,PROD0024,9,6258.97,22.17
ITEM00918,ORD00245,PROD0022,6,1749.79,9.96
ITEM00919,ORD00014,PROD0086,8,306.19,29.23
ITEM00920,ORD00175,PROD0087,1,9698.46,17.49
ITEM00921,ORD00254,PROD0061,2,272.17,20.4
ITEM00922,ORD00234,PROD0068,9,1551.17,2.82
ITEM00923,ORD00344,PROD0058,8,9898.95,7.72
ITEM00924,ORD00374,PROD0059,1,3081.23,10.01
ITEM00925,ORD00496,PROD0015,5,7309.33,0.62
ITEM00926,ORD00226,PROD0085,3,405.96,17.33
ITEM00927,ORD00442,PROD0047,4,2019.04,28.64
ITEM00928,ORD00281,PROD0081,9,4547.77,28.75
ITEM00929,ORD00272,PROD0087,6,3971.16,12.52
ITEM00930,ORD00317,PROD0025,1,7048.17,25.03
ITEM00931,ORD00466,PROD0073,6,9697.75,14.97
ITEM00932,ORD00478,PROD0088,3,2968.84,16.74
ITEM00933,ORD00499,PROD0037,2,254.36,1.23
ITEM00934,ORD00127,PROD0007,8,4360.2,113.32
ITEM00935,ORD00359,PROD0037,9,7711.97,4.65
ITEM00936,ORD00278,PROD0019,4,9190.77,8.72
ITEM00937,ORD00364,PROD0032,7,9672.38,2.94
ITEM00938,ORD00310,PROD0077,5,4414.58,26.28
ITEM00939,ORD00143,PROD0088,4,4221.49,5.99
ITEM00940,ORD00305,PROD0073,8,3822.06,26.28
ITEM00941,ORD00142,PROD0068,8,5087.77,20.55
ITEM00942,ORD00363,PROD0055,8,4161.56,0.83
ITEM00943,ORD00432,PROD0012,3,3093.66,7.28
ITEM00944,ORD00131,PROD0080,9,8790.27,1.61
ITEM00945,ORD00129,PROD0052,1,7653.66,15.54
ITEM00946,ORD00087,PROD0008,5,6533.81,10.0
ITEM00947,ORD00298,PROD0073,8,8656.71,3.64
ITEM00948,ORD00524,PROD0095,1,5211.01,16.86
ITEM00949,ORD00140,PROD0029,3,3177.82,124.76
ITEM00950,ORD00206,PROD0015,-5,8811.0,15.59
ITEM00951,ORD00107,PROD0061,1,4493.78,1.67
ITEM00952,ORD00415,PROD0062,3,8433.04,16.4
ITEM00953,ORD00450,PROD0085,10,1547.84,0.65
ITEM00954,ORD00247,PROD0022,9,5512.14,14.28
ITEM00955,ORD00103,PROD0076,8,2824.3,11.57
ITEM00956,ORD00476,PROD0054,7,2905.88,3.6
ITEM00957,ORD00595,PROD0039,1,8942.89,18.6
ITEM00958,ORD00364,PROD0018,8,4637.67,0.27
ITEM00959,ORD00513,PROD0065,4,7091.62,11.72
ITEM00960,ORD00156,PROD0046,10,7180.31,23.6
ITEM00961,ORD00311,PROD0051,2,6486.83,11.3
ITEM00962,ORD00185,PROD0074,9,5301.8,3.88
ITEM00963,ORD00595,PROD0045,10,4097.36,1.35
ITEM00964,ORD00163,PROD0030,2,5044.4,20.38
ITEM00965,ORD00238,PROD0099,4,8819.48,21.84
ITEM00966,ORD00431,PROD0009,1,1233.29,25.4
ITEM00967,ORD00384,PROD0078,1,3279.48,20.96
ITEM00968,ORD00588,PROD0072,4,4961.92,20.37
ITEM00969,ORD00166,PROD0056,9,2003.73,17.46
ITEM00970,ORD00099,PROD0027,1,8943.58,10.79
ITEM00971,ORD00560,PROD0010,6,7326.77,27.33
ITEM00972,ORD00509,PROD0025,4,4789.96,10.56
ITEM00973,ORD00573,PROD0018,2,6292.16,26.22
ITEM00974,ORD00131,PROD0067,5,5037.25,1.54
ITEM00975,ORD00024,PROD0029,5,2588.68,21.1
ITEM00976,ORD00162,PROD0037,2,2489.84,15.53
ITEM00977,ORD00320,PROD0052,10,7005.43,3.33
ITEM00978,ORD00270,PROD0084,1,4271.92,6.02
ITEM00979,ORD00061,PROD0018,4,7365.34,27.73
ITEM00980,ORD00064,PROD0031,8,9485.18,27.13
ITEM00981,ORD00037,PROD0045,2,6021.66,18.37
ITEM00982,ORD00565,PROD0062,3,513.24,1.07
ITEM00983,ORD00359,PROD0056,8,8513.35,29.14
ITEM00984,ORD00057,PROD0004,4,8616.92,20.46
ITEM00985,ORD00566,PROD0062,1,3834.56,3.76
ITEM00986,ORD00563,PROD0018,2,8981.75,29.48
ITEM00987,ORD00199,PROD0044,7,2457.89,2.76
ITEM00988,ORD00423,PROD0096,9,9910.29,0.45
ITEM00989,ORD00059,PROD0010,1,1887.88,1.31
ITEM00990,ORD00251,PROD0038,3,4839.14,3.67
ITEM00991,ORD00257,PROD0070,4,7378.66,10.71
ITEM00992,ORD00226,PROD0057,5,7824.06,8.78
ITEM00993,ORD00540,PROD0035,6,5084.11,1.62
ITEM00994,ORD00498,PROD0036,2,1457.6,29.28
ITEM00995,ORD00567,PROD0027,2,8182.16,4.26
ITEM00996,ORD00451,PROD0084,8,310.77,25.09
ITEM00997,ORD00394,PROD0039,2,8560.28,11.52
ITEM00998,ORD00392,PROD0050,8,2136.73,5.53
ITEM00999,ORD00054,PROD0085,5,7653.66,28.12
ITEM01000,ORD00345,PROD0034,10,370.72,21.77
ITEM01001,ORD00438,PROD0094,1,5577.61,28.57
ITEM01002,ORD00295,PROD0069,8,7220.28,23.07
ITEM01003,ORD00391,PROD0060,4,250.32,23.99
ITEM01004,ORD00088,PROD0032,9,5753.72,1.16
ITEM01005,ORD00276,PROD0085,5,8121.57,18.24
ITEM01006,ORD00583,PROD0085,6,8491.17,13.31
ITEM01007,ORD00010,PROD0060,1,4854.06,25.33
ITEM01008,ORD00060,PROD0075,2,6142.25,9.42
ITEM01009,ORD00185,PROD0034,5,4999.8,6.82
ITEM01010,ORD00051,PROD0030,2,1924.13,15.2
ITEM01011,ORD00325,PROD0006,9,702.05,21.44
ITEM01012,ORD00264,PROD0003,6,542.86,7.04
ITEM01013,ORD00520,PROD0057,2,2446.09,9.77
ITEM01014,ORD00426,PROD0010,7,1516.49,9.8
ITEM01015,ORD00344,PROD0053,6,9737.66,18.66
ITEM01016,ORD00046,PROD0038,3,352.8,18.27
ITEM01017,ORD00524,PROD0092,9,7157.12,28.2
ITEM01018,ORD00597,PROD0005,3,9978.43,2.35
ITEM01019,ORD00230,PROD0073,9,6340.21,22.02
ITEM01020,ORD00125,PROD0068,1,6626.06,15.61
ITEM01021,ORD00200,PROD0074,5,3353.98,23.97
ITEM01022,ORD00237,PROD0059,6,1242.63,7.23
ITEM01023,ORD00420,PROD0047,2,5105.87,27.44
ITEM01024,ORD00236,PROD0058,7,8295.43,29.6
ITEM01025,ORD00251,PROD0100,7,6692.44,18.17
ITEM01026,ORD00350,PROD0041,2,4268.12,29.5
ITEM01027,ORD00203,PROD0024,-1,4244.39,22.97
ITEM01028,ORD00482,PROD0096,2,437.35,12.94
ITEM01029,ORD00075,PROD0017,9,9194.37,27.13
ITEM01030,ORD00412,PROD0090,9,3004.58,10.1
ITEM01031,ORD00345,PROD0076,10,9941.93,1.36
ITEM01032,ORD00364,PROD0058,7,7432.91,13.07
ITEM01033,ORD00138,PROD0094,3,5936.63,24.6
ITEM01034,ORD00156,PROD0001,10,6771.68,13.61
ITEM01035,ORD00181,PROD0066,10,7752.76,6.97
ITEM01036,ORD00050,PROD0073,9,5840.3,25.32
ITEM01037,ORD00331,PROD0050,6,9539.79,1.26
ITEM01038,ORD00216,PROD0056,9,8807.88,9.43
ITEM01039,ORD00170,PROD0016,5,4445.28,26.56
ITEM01040,ORD00266,PROD0078,2,6697.69,4.23
ITEM01041,ORD00521,PROD0097,-1,9602.58,16.19
ITEM01042,ORD00007,PROD0063,1,2890.19,28.44
ITEM01043,ORD00456,PROD0067,3,3019.92,3.29
ITEM01044,ORD00123,PROD0057,7,959.95,4.1
ITEM01045,ORD00120,PROD0046,2,2302.17,2.23
ITEM01046,ORD00344,PROD0036,8,5177.16,23.31
ITEM01047,ORD00323,PROD0005,7,7080.53,15.64
ITEM01048,ORD00572,PROD0085,1,6310.12,7.38
ITEM01049,ORD00226,PROD0087,4,1599.19,24.42
ITEM01050,ORD00290,PROD0017,4,978.25,15.49
ITEM01051,ORD00220,PROD0001,7,5621.6,6.26
ITEM01052,ORD00429,PROD0089,5,6347.16,7.04
ITEM01053,ORD00544,PROD0085,3,8422.85,26.25
ITEM01054,ORD00502,PROD0081,7,5479.79,8.86
ITEM01055,ORD00295,PROD0054,8,6657.94,3.47
ITEM01056,ORD00327,PROD0085,2,4041.08,3.84
ITEM01057,ORD00501,PROD0077,7,386.73,8.04
ITEM01058,ORD00419,PROD0008,9,2689.89,9.53
ITEM01059,ORD00453,PROD0055,7,640.87,14.57
ITEM01060,ORD00047,PROD0040,8,5767.81,5.0
ITEM01061,ORD00113,PROD0079,10,6089.12,0.6
ITEM01062,ORD00389,PROD0012,6,7691.74,16.59
ITEM01063,ORD00532,PROD0027,6,9853.65,25.14
ITEM01064,ORD00235,PROD0038,3,3381.87,6.47
ITEM01065,ORD00014,PROD0005,1,5312.9,15.04
ITEM01066,ORD00044,PROD0021,5,2377.05,23.17
ITEM01067,ORD00279,PROD0096,2,3840.78,12.02
ITEM01068,ORD00277,PROD0011,2,7248.92,22.87
ITEM01069,ORD00016,PROD0096,9,1603.29,22.08
ITEM01070,ORD00199,PROD0078,5,4309.01,22.3
ITEM01071,ORD00470,PROD0026,2,6594.9,14.14
ITEM01072,ORD00096,PROD0029,7,4885.16,27.23
ITEM01073,ORD00251,PROD0049,1,7302.82,28.54
ITEM01074,ORD00111,PROD0058,4,346.43,23.14
ITEM01075,ORD00489,PROD0073,2,3391.11,24.29
ITEM01076,ORD00098,PROD0072,3,9426.72,17.8
ITEM01077,ORD00413,PROD0079,8,8412.54,22.82
ITEM01078,ORD00506,PROD0033,7,3444.9,4.52
ITEM01079,ORD00579,PROD0077,7,2754.63,6.28
ITEM01080,ORD00501,PROD0070,8,6554.89,9.66
ITEM01081,ORD00527,PROD0072,2,4314.45,2.33
ITEM01082,ORD00014,PROD0021,9,1745.35,13.13
ITEM01083,ORD00040,PROD0055,8,8051.22,14.62
ITEM01084,ORD00561,PROD0054,-1,4411.25,8.83
ITEM01085,ORD00278,PROD0067,6,3779.15,19.51
ITEM01086,ORD00536,PROD0088,4,9524.75,11.14
ITEM01087,ORD00484,PROD0060,4,9278.09,21.6
ITEM01088,ORD00139,PROD0022,9,4791.32,9.53
ITEM01089,ORD00482,PROD0009,1,1957.98,20.82
ITEM01090,ORD00339,PROD0013,1,5985.1,2.0
ITEM01091,ORD00232,PROD0045,1,2818.35,24.62
ITEM01092,ORD00599,PROD0094,5,7693.19,28.03
ITEM01093,ORD00208,PROD0010,10,7333.51,8.4
ITEM01094,ORD00105,PROD0017,9,7683.94,9.9
ITEM01095,ORD00284,PROD0095,10,4786.73,5.04
ITEM01096,ORD00222,PROD0012,10,1731.7,26.24
ITEM01097,ORD00054,PROD0018,9,4311.52,14.15
ITEM01098,ORD00121,PROD0031,9,7761.8,21.19
ITEM01099,ORD00535,PROD0041,9,6093.27,6.42
ITEM01100,ORD00285,PROD0092,3,5648.81,14.7
ITEM01101,ORD00124,PROD0072,7,1862.32,25.98
ITEM01102,ORD00355,PROD0094,7,5641.96,29.94
ITEM01103,ORD00392,PROD0048,3,9954.84,5.88
ITEM01104,ORD00200,PROD0001,10,1031.67,11.07
ITEM01105,ORD00014,PROD0078,5,2822.02,14.36
ITEM01106,ORD00260,PROD0036,1,8250.92,25.9
ITEM01107,ORD00466,PROD0063,3,8761.87,22.52
ITEM01108,ORD00040,PROD0048,1,7161.77,21.17
ITEM01109,ORD00135,PROD0011,7,1282.32,13.3
ITEM01110,ORD00322,PROD0013,9,8540.5,19.65
ITEM01111,ORD00341,PROD0087,6,1775.21,29.59
ITEM01112,ORD00376,PROD0067,1,4091.41,25.13
ITEM01113,ORD00067,PROD0025,9,2739.7,5.18
ITEM01114,ORD00204,PROD0089,9,6389.47,25.26
ITEM01115,ORD00319,PROD0036,9,3480.38,17.05
ITEM01116,ORD00580,PROD0060,2,996.56,21.89
ITEM01117,ORD00021,PROD0099,3,2253.51,11.24
ITEM01118,ORD00253,PROD0040,4,7407.29,9.31
ITEM01119,ORD00294,PROD0023,5,3223.86,6.78
ITEM01120,ORD00205,PROD0023,5,4452.02,2.77
ITEM01121,ORD00373,PROD0045,9,6347.16,24.95
ITEM01122,ORD00600,PROD0050,3,2185.56,21.07
ITEM01123,ORD00296,PROD0027,6,5087.28,24.9
ITEM01124,ORD00093,PROD0066,4,4730.11,0.94
ITEM01125,ORD00191,PROD0061,3,3297.61,16.91
ITEM01126,ORD00035,PROD0042,2,8706.36,0.24
ITEM01127,ORD00343,PROD0044,2,3644.24,4.88
ITEM01128,ORD00023,PROD0057,10,5802.06,13.05
ITEM01129,ORD00250,PROD0033,6,4877.32,12.03
ITEM01130,ORD00240,PROD0098,9,4316.35,8.08
ITEM01131,ORD00030,PROD0021,9,3075.77,17.91
ITEM01132,ORD00537,PROD0026,10,1385.92,9.99
ITEM01133,ORD00093,PROD0040,3,4641.26,108.23
ITEM01134,ORD00177,PROD0039,5,2438.22,6.1
ITEM01135,ORD00251,PROD0020,9,3805.15,14.32
ITEM01136,ORD00483,PROD0071,7,9137.05,20.05
ITEM01137,ORD00249,PROD0098,2,3251.73,28.06
ITEM01138,ORD00335,PROD0037,7,5387.74,10.41
ITEM01139,ORD00028,PROD0029,10,2428.06,10.87
ITEM01140,ORD00002,PROD0079,10,9154.4,19.37
ITEM01141,ORD00193,PROD0006,4,1019.22,11.52
ITEM01142,ORD00155,PROD0037,5,8230.62,1.04
ITEM01143,ORD00432,PROD0023,3,5221.75,3.19
ITEM01144,ORD00355,PROD0088,2,4104.29,24.21
ITEM01145,ORD00132,PROD0074,9,4601.45,14.58
ITEM01146,ORD00412,PROD0055,1,2660.63,19.02
ITEM01147,ORD00462,PROD0065,6,7149.03,25.33
ITEM01148,ORD00115,PROD0023,7,3896.37,20.24
ITEM01149,ORD00346,PROD0091,10,5197.47,18.44
ITEM01150,ORD00446,PROD0007,8,1303.36,14.69
ITEM01151,ORD00379,PROD0033,7,3031.83,24.58
ITEM01152,ORD00184,PROD0038,6,4523.02,8.93
ITEM01153,ORD00115,PROD0046,1,4022.52,5.26
ITEM01154,ORD00130,PROD0094,3,4367.9,8.24
ITEM01155,ORD00250,PROD0094,9,502.35,9.8
ITEM01156,ORD00104,PROD0049,9,879.77,27.82
ITEM01157,ORD00433,PROD0052,1,7492.99,21.65
ITEM01158,ORD00082,PROD0056,2,5751.86,29.85
ITEM01159,ORD00553,PROD0032,1,4781.89,22.82
ITEM01160,ORD00191,PROD0036,9,6085.76,27.29
ITEM01161,ORD00280,PROD0001,7,7842.3,19.72
ITEM01162,ORD00474,PROD0077,6,2325.77,21.27
ITEM01163,ORD00295,PROD0094,10,5920.35,19.04
ITEM01164,ORD00399,PROD0061,-3,3264.46,24.68
ITEM01165,ORD00511,PROD0027,9,6762.56,7.67
ITEM01166,ORD00586,PROD0011,8,3518.46,6.23
ITEM01167,ORD00379,PROD0039,5,4569.84,14.02
ITEM01168,ORD00599,PROD0022,10,4372.15,29.87
ITEM01169,ORD00291,PROD0072,8,3815.31,16.13
ITEM01170,ORD00127,PROD0013,7,9922.1,17.12
ITEM01171,ORD00163,PROD0099,7,3585.04,6.53
ITEM01172,ORD00286,PROD0041,6,6675.92,20.61
ITEM01173,ORD00326,PROD0065,9,2328.48,12.12
ITEM01174,ORD00294,PROD0058,3,1858.5,8.65
ITEM01175,ORD00343,PROD0098,8,6865.18,2.95
ITEM01176,ORD00429,PROD0054,7,387.51,6.73
ITEM01177,ORD00516,PROD0011,10,4146.88,0.69
ITEM01178,ORD00171,PROD0073,8,9523.28,0.68
ITEM01179,ORD00399,PROD0071,9,8518.06,4.84
ITEM01180,ORD00246,PROD0023,8,9221.72,9.68
ITEM01181,ORD00032,PROD0027,10,2525.97,18.1
ITEM01182,ORD00182,PROD0060,9,8056.5,25.14
ITEM01183,ORD00164,PROD0032,8,791.44,22.46
ITEM01184,ORD00417,PROD0067,8,796.62,12.51
ITEM01185,ORD00551,PROD0016,10,5388.29,0.71
ITEM01186,ORD00062,PROD0038,7,7278.99,1.2
ITEM01187,ORD00524,PROD0081,8,1328.16,4.38
ITEM01188,ORD00594,PROD0097,2,3728.0,19.7
ITEM01189,ORD00249,PROD0062,4,3367.25,20.81
ITEM01190,ORD00504,PROD0097,4,3490.18,20.68
ITEM01191,ORD00462,PROD0090,5,5984.84,22.84
ITEM01192,ORD00296,PROD0004,4,5679.04,21.41
ITEM01193,ORD00163,PROD0073,5,4454.64,8.85
ITEM01194,ORD00132,PROD0019,10,3903.84,19.1
ITEM01195,ORD00217,PROD0075,5,219.46,10.92
ITEM01196,ORD00530,PROD0052,8,1787.06,10.33
ITEM01197,ORD00514,PROD0041,9,8667.55,14.56
ITEM01198,ORD00538,PROD0062,3,3860.74,20.06
ITEM01199,ORD00231,PROD0040,4,2855.32,23.34
ITEM01200,ORD00202,PROD0046,8,9135.75,27.19
ITEM01201,ORD00537,PROD0030,4,425.12,18.79
ITEM01202,ORD00520,PROD0009,5,5394.06,22.24
ITEM01203,ORD00058,PROD0058,10,2522.45,23.92
ITEM01204,ORD00251,PROD0030,8,9795.84,7.97
ITEM01205,ORD00195,PROD0094,2,1412.23,9.08
ITEM01206,ORD00250,PROD0075,10,1072.88,26.45
ITEM01207,ORD00075,PROD0026,8,925.52,5.92
ITEM01208,ORD00221,PROD0077,8,195.06,12.89
ITEM01209,ORD00454,PROD0100,4,6385.83,22.67
ITEM01210,ORD00258,PROD0097,7,4976.79,5.3
ITEM01211,ORD00527,PROD0037,5,5368.68,10.23
ITEM01212,ORD00516,PROD0040,8,7590.46,144.77
ITEM01213,ORD00522,PROD0061,8,749.04,12.96
ITEM01214,ORD00454,PROD0044,9,2016.6,3.26
ITEM01215,ORD00315,PROD0065,5,5350.96,3.09
ITEM01216,ORD00216,PROD0074,3,1999.85,11.89
ITEM01217,ORD00162,PROD0079,3,5213.02,14.21
ITEM01218,ORD00427,PROD0100,5,2702.27,28.03
ITEM01219,ORD00380,PROD0019,5,3603.94,22.36
ITEM01220,ORD00436,PROD0073,7,156.16,28.2
ITEM01221,ORD00419,PROD0046,3,7693.78,0.58
ITEM01222,ORD00214,PROD0085,5,3797.4,9.66
ITEM01223,ORD00334,PROD0072,9,7995.0,18.53
ITEM01224,ORD00281,PROD0014,2,3322.28,14.39
ITEM01225,ORD00482,PROD0006,7,9097.98,14.61
ITEM01226,ORD00385,PROD0008,2,3492.65,16.14
ITEM01227,ORD00292,PROD0015,8,7523.28,9.74
ITEM01228,ORD00424,PROD0020,3,5783.47,16.86
ITEM01229,ORD00336,PROD0074,9,2681.12,15.93
ITEM01230,ORD00023,PROD0018,2,7022.59,22.17
ITEM01231,ORD00370,PROD0099,8,2226.65,9.64
ITEM01232,ORD00371,PROD0043,4,7070.2,7.66
ITEM01233,ORD00024,PROD0018,2,4330.58,24.18
ITEM01234,ORD00542,PROD0008,9,5700.57,29.87
ITEM01235,ORD00335,PROD0069,8,3404.15,2.01
ITEM01236,ORD00095,PROD0072,2,8006.05,25.39
ITEM01237,ORD00480,PROD0079,4,7694.44,12.93
ITEM01238,ORD00463,PROD0095,3,822.96,19.44
ITEM01239,ORD00541,PROD0100,7,4074.51,8.81
ITEM01240,ORD00400,PROD0003,1,4328.78,7.77
ITEM01241,ORD00335,PROD0069,8,2083.28,24.65
ITEM01242,ORD00591,PROD0020,4,2140.83,5.45
ITEM01243,ORD00041,PROD0100,3,9551.14,9.82
ITEM01244,ORD00236,PROD0085,4,1716.56,29.73
ITEM01245,ORD00223,PROD0099,-4,1318.79,28.44
ITEM01246,ORD00214,PROD0049,1,4051.86,6.17
ITEM01247,ORD00128,PROD0012,3,5825.21,15.49
ITEM01248,ORD00215,PROD0016,8,3648.06,29.86
ITEM01249,ORD00216,PROD0012,9,2627.32,3.36
ITEM01250,ORD00008,PROD0049,7,8589.18,10.64
ITEM01251,ORD00067,PROD0056,5,7042.02,19.51
ITEM01252,ORD00483,PROD0003,5,8983.58,1.36
ITEM01253,ORD00182,PROD0073,1,1642.01,20.85
ITEM01254,ORD00063,PROD0077,4,6643.43,11.15
ITEM01255,ORD00162,PROD0054,3,5234.14,4.54
ITEM01256,ORD00186,PROD0047,2,396.8,6.12
ITEM01257,ORD00383,PROD0034,10,7854.36,9.95
ITEM01258,ORD00036,PROD0095,3,560.34,11.31
ITEM01259,ORD00538,PROD0022,3,3551.8,6.68
ITEM01260,ORD00068,PROD0015,8,4209.26,26.94
ITEM01261,ORD00001,PROD0040,8,9038.54,3.85
ITEM01262,ORD00375,PROD0079,2,7512.32,25.56
ITEM01263,ORD00225,PROD0066,3,1511.7,19.78
ITEM01264,ORD00414,PROD0037,10,2339.61,5.54
ITEM01265,ORD00337,PROD0091,8,5247.18,17.32
ITEM01266,ORD00135,PROD0042,7,1537.69,22.09
ITEM01267,ORD00395,PROD0081,1,9797.35,0.43
ITEM01268,ORD00244,PROD0021,7,5763.66,14.52
ITEM01269,ORD00592,PROD0052,8,4586.62,7.88
ITEM01270,ORD00287,PROD0084,9,3438.82,26.78
ITEM01271,ORD00500,PROD0099,9,1055.38,25.69
ITEM01272,ORD00270,PROD0009,6,351.6,16.3
ITEM01273,ORD00469,PROD0015,2,3027.56,26.2
ITEM01274,ORD00447,PROD0071,2,9719.63,5.48
ITEM01275,ORD00524,PROD0025,3,2296.39,0.5
ITEM01276,ORD00363,PROD0068,10,5672.54,15.92
ITEM01277,ORD00546,PROD0047,9,9476.92,15.93
ITEM01278,ORD00103,PROD0088,3,8603.51,6.79
ITEM01279,ORD00156,PROD0070,10,2101.74,1.47
ITEM01280,ORD00411,PROD0038,7,9722.89,26.81
ITEM01281,ORD00140,PROD0093,-3,7112.58,20.04
ITEM01282,ORD00069,PROD0008,7,4861.23,4.81
ITEM01283,ORD00249,PROD0051,3,3970.9,5.8
ITEM01284,ORD00073,PROD0029,5,4074.26,21.78
ITEM01285,ORD00156,PROD0027,8,2827.16,9.82
ITEM01286,ORD00534,PROD0040,9,6322.6,14.13
ITEM01287,ORD00306,PROD0016,9,4598.24,2.11
ITEM01288,ORD00350,PROD0035,1,8922.06,3.39
ITEM01289,ORD00600,PROD0022,8,2323.87,3.09
ITEM01290,ORD00372,PROD0031,8,9636.12,12.65
ITEM01291,ORD00287,PROD0093,5,6438.63,9.86
ITEM01292,ORD00258,PROD0046,-4,2503.17,14.85
ITEM01293,ORD00273,PROD0014,8,8390.38,11.27
ITEM01294,ORD00392,PROD0006,10,8398.24,19.28
ITEM01295,ORD00098,PROD0016,4,6758.83,27.11
ITEM01296,ORD00404,PROD0092,1,7902.55,25.57
ITEM01297,ORD00536,PROD0005,7,6318.37,23.33
ITEM01298,ORD00027,PROD0028,10,6342.16,9.87
ITEM01299,ORD00423,PROD0004,8,2609.79,24.55
ITEM01300,ORD00255,PROD0036,8,3312.67,20.97
ITEM01301,ORD00165,PROD0027,9,5518.05,9.66
ITEM01302,ORD00357,PROD0100,3,8580.8,10.01
ITEM01303,ORD00234,PROD0041,5,7247.21,19.18
ITEM01304,ORD00510,PROD0082,3,2101.28,25.68
ITEM01305,ORD00346,PROD0057,6,9597.15,9.68
ITEM01306,ORD00596,PROD0040,9,5648.8,22.7
ITEM01307,ORD00408,PROD0080,2,996.37,17.94
ITEM01308,ORD00415,PROD0034,3,5374.99,11.9
ITEM01309,ORD00107,PROD0095,5,9710.38,9.72
ITEM01310,ORD00042,PROD0032,9,9927.51,0.79
ITEM01311,ORD00225,PROD0032,4,8134.1,4.36
ITEM01312,ORD00022,PROD0079,8,4203.81,16.54
ITEM01313,ORD00423,PROD0024,9,6309.83,26.66
ITEM01314,ORD00268,PROD0091,6,2709.22,11.11
ITEM01315,ORD00241,PROD0041,9,9585.1,4.03
ITEM01316,ORD00253,PROD0069,10,9812.01,23.53
ITEM01317,ORD00488,PROD0069,6,8280.31,6.83
ITEM01318,ORD00568,PROD0029,8,8382.47,13.81
ITEM01319,ORD00447,PROD0009,-4,5634.06,1.73
ITEM01320,ORD00152,PROD0009,6,7216.8,17.09
ITEM01321,ORD00029,PROD0092,10,7071.76,28.28
ITEM01322,ORD00221,PROD0085,8,7002.34,9.14
ITEM01323,ORD00521,PROD0053,3,9803.77,17.61
ITEM01324,ORD00055,PROD0092,6,7768.75,2.13
ITEM01325,ORD00424,PROD0094,3,2563.12,18.05
ITEM01326,ORD00184,PROD0024,1,5000.25,3.59
ITEM01327,ORD00414,PROD0074,7,3874.78,14.23
ITEM01328,ORD00188,PROD0013,5,7101.9,26.37
ITEM01329,ORD00189,PROD0034,7,3576.89,19.42
ITEM01330,ORD00463,PROD0097,2,301.97,18.18
ITEM01331,ORD00061,PROD0088,6,117.12,29.55
ITEM01332,ORD00335,PROD0050,-5,5677.31,25.78
ITEM01333,ORD00194,PROD0082,10,5398.62,29.27
ITEM01334,ORD00159,PROD0077,6,8925.22,21.19
ITEM01335,ORD00182,PROD0065,3,4506.55,18.66
ITEM01336,ORD00124,PROD0040,5,6862.02,17.7
ITEM01337,ORD00103,PROD0064,4,9973.68,27.6
ITEM01338,ORD00562,PROD0050,8,6720.18,1.96
ITEM01339,ORD00145,PROD0031,8,4102.42,10.75
ITEM01340,ORD00492,PROD0085,10,5246.45,19.91
ITEM01341,ORD00540,PROD0073,10,5264.56,22.71
ITEM01342,ORD00290,PROD0042,3,2060.61,28.33
ITEM01343,ORD00446,PROD0049,2,4963.27,9.65
ITEM01344,ORD00399,PROD0040,8,7730.33,23.13
ITEM01345,ORD00541,PROD0006,4,3140.49,17.62
ITEM01346,ORD00556,PROD0023,6,5389.49,1.42
ITEM01347,ORD00193,PROD0046,9,8271.4,26.21
ITEM01348,ORD00537,PROD0023,9,7021.91,27.32
ITEM01349,ORD00191,PROD0029,6,2115.72,6.2
ITEM01350,ORD00016,PROD0006,7,6924.96,112.78
ITEM01351,ORD00339,PROD0023,7,3780.66,25.13
ITEM01352,ORD00146,PROD0077,4,2656.03,27.67
ITEM01353,ORD00318,PROD0027,5,201.25,24.71
ITEM01354,ORD00195,PROD0100,8,203.25,20.78
ITEM01355,ORD00460,PROD0017,4,1232.37,4.77
ITEM01356,ORD00069,PROD0024,9,9440.68,7.69
ITEM01357,ORD00408,PROD0037,9,8569.53,7.84
ITEM01358,ORD00405,PROD0026,2,5029.88,3.81
ITEM01359,ORD00481,PROD0062,2,476.51,11.64
ITEM01360,ORD00070,PROD0031,7,4437.27,4.28
ITEM01361,ORD00043,PROD0085,9,1970.8,6.31
ITEM01362,ORD00583,PROD0002,3,9509.1,27.66
ITEM01363,ORD00206,PROD0083,1,1615.67,8.75
ITEM01364,ORD00189,PROD0081,4,7239.69,0.76
ITEM01365,ORD00252,PROD0078,9,1694.87,16.41
ITEM01366,ORD00115,PROD0088,2,5389.31,18.56
ITEM01367,ORD00330,PROD0048,1,1127.55,7.01
ITEM01368,ORD00577,PROD0008,7,1284.46,6.74
ITEM01369,ORD00578,PROD0070,-4,9378.39,19.34
ITEM01370,ORD00397,PROD0058,4,6164.82,10.35
ITEM01371,ORD00466,PROD0062,3,8806.5,6.72
ITEM01372,ORD00179,PROD0050,5,3743.97,0.63
ITEM01373,ORD00148,PROD0006,8,8810.07,25.55
ITEM01374,ORD00129,PROD0081,6,4117.34,26.51
ITEM01375,ORD00464,PROD0057,7,3444.23,19.96
ITEM01376,ORD00543,PROD0027,4,1990.55,5.84
ITEM01377,ORD00373,PROD0060,9,7941.58,11.24
ITEM01378,ORD00403,PROD0019,8,6557.15,9.01
ITEM01379,ORD00423,PROD0007,4,5561.76,4.7
ITEM01380,ORD00530,PROD0056,3,335.97,6.19
ITEM01381,ORD00177,PROD0035,10,6448.26,17.25
ITEM01382,ORD00155,PROD0053,6,8693.5,3.92
ITEM01383,ORD00324,PROD0079,10,6318.05,1.06
ITEM01384,ORD00067,PROD0011,-1,3381.94,2.7
ITEM01385,ORD00366,PROD0026,3,3144.86,1.98
ITEM01386,ORD00324,PROD0075,8,7065.67,8.69
ITEM01387,ORD00576,PROD0021,3,1272.56,27.31
ITEM01388,ORD00576,PROD0071,8,2884.22,25.44
ITEM01389,ORD00117,PROD0085,3,1060.98,1.18
ITEM01390,ORD00485,PROD0049,8,297.55,20.64
ITEM01391,ORD00452,PROD0075,10,8950.48,29.11
ITEM01392,ORD00581,PROD0045,6,8876.26,2.07
ITEM01393,ORD00308,PROD0087,7,1198.62,28.05
ITEM01394,ORD00202,PROD0082,6,7948.54,23.6
ITEM01395,ORD00507,PROD0003,10,4235.61,5.07
ITEM01396,ORD00197,PROD0066,5,9052.37,0.7
ITEM01397,ORD00171,PROD0007,4,2704.82,29.88
ITEM01398,ORD00280,PROD0096,8,3395.9,0.94
ITEM01399,ORD00011,PROD0095,-4,2076.46,14.1
ITEM01400,ORD00277,PROD0090,7,8051.15,25.61
ITEM01401,ORD00417,PROD0091,6,3527.77,7.85
ITEM01402,ORD00289,PROD0035,2,9195.88,2.54
ITEM01403,ORD00327,PROD0066,-2,8081.64,3.21
ITEM01404,ORD00383,PROD0009,3,2445.76,2.62
ITEM01405,ORD00014,PROD0095,6,6212.86,4.69
ITEM01406,ORD00472,PROD0081,6,1147.74,3.66
ITEM01407,ORD00205,PROD0096,2,7210.72,2.75
ITEM01408,ORD00239,PROD0027,1,3930.32,18.76
ITEM01409,ORD00203,PROD0091,8,1942.04,8.64
ITEM01410,ORD00063,PROD0057,3,887.63,29.23
ITEM01411,ORD00556,PROD0074,4,7058.39,2.27
ITEM01412,ORD00330,PROD0097,4,6389.44,17.77
ITEM01413,ORD00519,PROD0082,5,2584.4,10.34
ITEM01414,ORD00008,PROD0084,5,1696.52,1.85
ITEM01415,ORD00062,PROD0080,7,7667.89,21.48
ITEM01416,ORD00091,PROD0041,10,9153.32,20.94
ITEM01417,ORD00068,PROD0073,5,3258.73,10.74
ITEM01418,ORD00380,PROD0064,5,3203.4,29.97
ITEM01419,ORD00175,PROD0006,6,8811.75,9.73
ITEM01420,ORD00413,PROD0060,8,1506.62,22.52
ITEM01421,ORD00026,PROD0018,6,8715.48,4.48
ITEM01422,ORD00445,PROD0085,3,9465.83,6.51
ITEM01423,ORD00484,PROD0020,5,314.64,11.77
ITEM01424,ORD00563,PROD0036,4,6107.57,14.97
ITEM01425,ORD00164,PROD0063,1,1149.51,28.59
ITEM01426,ORD00297,PROD0019,4,4992.89,6.49
ITEM01427,ORD00316,PROD0081,3,3175.06,18.55
ITEM01428,ORD00133,PROD0068,5,3796.21,20.66
ITEM01429,ORD00579,PROD0061,-3,4228.31,6.28
ITEM01430,ORD00240,PROD0041,8,5594.46,17.32
ITEM01431,ORD00200,PROD0017,6,5765.52,27.34
ITEM01432,ORD00243,PROD0032,8,8916.51,9.4
ITEM01433,ORD00394,PROD0097,3,904.95,14.73
ITEM01434,ORD00273,PROD0009,8,2012.5,23.1
ITEM01435,ORD00373,PROD0100,1,2311.0,0.09
ITEM01436,ORD00495,PROD0072,3,9571.01,14.54
ITEM01437,ORD00550,PROD0026,4,6016.11,3.61
ITEM01438,ORD00200,PROD0068,9,7928.02,12.69
ITEM01439,ORD00012,PROD0039,5,3031.42,0.86
ITEM01440,ORD00432,PROD0011,6,9107.09,4.43
ITEM01441,ORD00569,PROD0021,10,3209.46,28.11
ITEM01442,ORD00203,PROD0091,10,1712.72,3.86
ITEM01443,ORD00127,PROD0007,6,3751.34,9.46
ITEM01444,ORD00564,PROD0004,7,4015.82,9.8
ITEM01445,ORD00036,PROD0083,5,7589.26,1.18
ITEM01446,ORD00136,PROD0064,2,1485.12,3.07
ITEM01447,ORD00241,PROD0012,6,3447.76,12.38
ITEM01448,ORD00505,PROD0052,9,4221.89,23.69
ITEM01449,ORD00562,PROD0012,4,1240.97,27.34
ITEM01450,ORD00246,PROD0008,-2,4839.06,1.27
ITEM01451,ORD00157,PROD0018,9,3936.5,19.03
ITEM01452,ORD00523,PROD0098,5,6729.46,20.91
ITEM01453,ORD00042,PROD0026,10,2372.11,14.74
ITEM01454,ORD00083,PROD0075,6,8307.46,11.92
ITEM01455,ORD00008,PROD0081,10,5607.0,15.33
ITEM01456,ORD00207,PROD0097,10,2038.15,26.94
ITEM01457,ORD00293,PROD0058,1,9680.57,20.16
ITEM01458,ORD00210,PROD0024,2,8065.89,22.28
ITEM01459,ORD00205,PROD0098,10,3056.24,20.69
ITEM01460,ORD00311,PROD0047,8,6298.56,17.01
ITEM01461,ORD00259,PROD0028,-1,2242.59,5.43
ITEM01462,ORD00512,PROD0093,7,4633.05,11.72
ITEM01463,ORD00504,PROD0062,9,7970.53,20.01
ITEM01464,ORD00080,PROD0079,2,8541.55,18.58
ITEM01465,ORD00281,PROD0001,5,7314.61,28.84
ITEM01466,ORD00377,PROD0028,4,7444.28,11.18
ITEM01467,ORD00023,PROD0039,1,3090.3,7.88
ITEM01468,ORD00210,PROD0016,1,9327.23,5.24
ITEM01469,ORD00241,PROD0059,10,2804.03,0.68
ITEM01470,ORD00065,PROD0094,3,4035.64,11.32
ITEM01471,ORD00443,PROD0060,7,231.36,26.92
ITEM01472,ORD00288,PROD0091,5,2106.72,8.02
ITEM01473,ORD00193,PROD0031,8,9958.79,1.32
ITEM01474,ORD00446,PROD0072,8,7184.14,22.28
ITEM01475,ORD00091,PROD0077,6,4777.5,4.92
ITEM01476,ORD00381,PROD0093,9,3275.04,19.18
ITEM01477,ORD00595,PROD0052,6,3539.63,8.77
ITEM01478,ORD00507,PROD0087,9,9617.73,2.59
ITEM01479,ORD00141,PROD0043,6,4562.61,16.18
ITEM01480,ORD00044,PROD0044,9,9828.87,4.35
ITEM01481,ORD00164,PROD0074,3,7943.55,24.74
ITEM01482,ORD00430,PROD0015,9,5243.73,17.26
ITEM01483,ORD00564,PROD0086,3,6871.71,23.63
ITEM01484,ORD00334,PROD0094,6,4010.11,19.71
ITEM01485,ORD00591,PROD0045,7,9880.71,6.77
ITEM01486,ORD00160,PROD0089,4,8942.52,29.08
ITEM01487,ORD00508,PROD0019,2,3134.9,22.67
ITEM01488,ORD00215,PROD0070,2,1990.97,0.49
ITEM01489,ORD00213,PROD0024,2,4580.73,3.57
ITEM01490,ORD00413,PROD0002,10,3938.7,6.25
ITEM01491,ORD00490,PROD0082,10,6823.26,29.31
ITEM01492,ORD00360,PROD0004,5,8625.63,11.51
ITEM01493,ORD00101,PROD0055,10,3575.44,29.14
ITEM01494,ORD00028,PROD0049,1,7614.59,2.6
ITEM01495,ORD00095,PROD0011,4,7184.52,27.67
ITEM01496,ORD00346,PROD0031,10,439.99,9.29
ITEM01497,ORD00463,PROD0028,10,201.91,3.85
ITEM01498,ORD00029,PROD0065,8,1894.21,8.24
ITEM01499,ORD00549,PROD0084,1,1264.92,15.5
ITEM01500,ORD00463,PROD0038,3,6051.09,12.8
ITEM01501,ORD99000,PROD0010,2,533.93,7.47
ITEM01502,ORD99001,PROD0050,2,795.22,1.32
ITEM01503,ORD99002,PROD0024,2,406.06,20.49
ITEM01504,ORD99003,PROD0064,2,742.45,24.25
ITEM01505,ORD99004,PROD0015,1,247.99,3.96
ITEM01506,ORD99005,PROD0078,5,121.31,14.88
ITEM01507,ORD99006,PROD0090,4,118.48,15.76
ITEM01508,ORD99007,PROD0089,3,671.35,3.19
ITEM01509,ORD99008,PROD0061,1,351.01,16.72
ITEM01510,ORD99009,PROD0055,1,158.66,7.88
